Totales Territoriales	Comunidades y Ciudades Autónomas	Ramas de actividad	Periodo	Total
Total Nacional	01 Andalucía	G_I. Comercio al por mayor y al por menor, reparación de vehículos de motor y motocicletas, transporte y almacenamiento, hostelería	2023 (A)	42.447.961
Total Nacional	01 Andalucía	G_I. Comercio al por mayor y al por menor, reparación de vehículos de motor y motocicletas, transporte y almacenamiento, hostelería	2022 (P)	38.472.400
Total Nacional	01 Andalucía	G_I. Comercio al por mayor y al por menor, reparación de vehículos de motor y motocicletas, transporte y almacenamiento, hostelería	2021	31.983.427
Total Nacional	01 Andalucía	G_I. Comercio al por mayor y al por menor, reparación de vehículos de motor y motocicletas, transporte y almacenamiento, hostelería	2020	26.895.746
Total Nacional	01 Andalucía	G_I. Comercio al por mayor y al por menor, reparación de vehículos de motor y motocicletas, transporte y almacenamiento, hostelería	2019	35.207.628
Total Nacional	01 Andalucía	G_I. Comercio al por mayor y al por menor, reparación de vehículos de motor y motocicletas, transporte y almacenamiento, hostelería	2018	33.827.656
Total Nacional	01 Andalucía	G_I. Comercio al por mayor y al por menor, reparación de vehículos de motor y motocicletas, transporte y almacenamiento, hostelería	2017	32.746.238
Total Nacional	01 Andalucía	G_I. Comercio al por mayor y al por menor, reparación de vehículos de motor y motocicletas, transporte y almacenamiento, hostelería	2016	31.314.592
Total Nacional	01 Andalucía	G_I. Comercio al por mayor y al por menor, reparación de vehículos de motor y motocicletas, transporte y almacenamiento, hostelería	2015	30.363.984
Total Nacional	01 Andalucía	G_I. Comercio al por mayor y al por menor, reparación de vehículos de motor y motocicletas, transporte y almacenamiento, hostelería	2014	28.753.004
Total Nacional	01 Andalucía	G_I. Comercio al por mayor y al por menor, reparación de vehículos de motor y motocicletas, transporte y almacenamiento, hostelería	2013	28.182.618
Total Nacional	01 Andalucía	G_I. Comercio al por mayor y al por menor, reparación de vehículos de motor y motocicletas, transporte y almacenamiento, hostelería	2012	28.756.349
Total Nacional	01 Andalucía	G_I. Comercio al por mayor y al por menor, reparación de vehículos de motor y motocicletas, transporte y almacenamiento, hostelería	2011	29.172.052
Total Nacional	01 Andalucía	G_I. Comercio al por mayor y al por menor, reparación de vehículos de motor y motocicletas, transporte y almacenamiento, hostelería	2010	28.443.337
Total Nacional	01 Andalucía	G_I. Comercio al por mayor y al por menor, reparación de vehículos de motor y motocicletas, transporte y almacenamiento, hostelería	2009	28.750.938
Total Nacional	01 Andalucía	G_I. Comercio al por mayor y al por menor, reparación de vehículos de motor y motocicletas, transporte y almacenamiento, hostelería	2008	29.080.602
Total Nacional	01 Andalucía	G_I. Comercio al por mayor y al por menor, reparación de vehículos de motor y motocicletas, transporte y almacenamiento, hostelería	2007	27.702.357
Total Nacional	01 Andalucía	G_I. Comercio al por mayor y al por menor, reparación de vehículos de motor y motocicletas, transporte y almacenamiento, hostelería	2006	26.302.678
Total Nacional	01 Andalucía	G_I. Comercio al por mayor y al por menor, reparación de vehículos de motor y motocicletas, transporte y almacenamiento, hostelería	2005	24.636.971
Total Nacional	01 Andalucía	G_I. Comercio al por mayor y al por menor, reparación de vehículos de motor y motocicletas, transporte y almacenamiento, hostelería	2004	23.656.921
Total Nacional	01 Andalucía	G_I. Comercio al por mayor y al por menor, reparación de vehículos de motor y motocicletas, transporte y almacenamiento, hostelería	2003	22.236.036
Total Nacional	01 Andalucía	G_I. Comercio al por mayor y al por menor, reparación de vehículos de motor y motocicletas, transporte y almacenamiento, hostelería	2002	21.023.977
Total Nacional	01 Andalucía	G_I. Comercio al por mayor y al por menor, reparación de vehículos de motor y motocicletas, transporte y almacenamiento, hostelería	2001	19.472.794
Total Nacional	01 Andalucía	G_I. Comercio al por mayor y al por menor, reparación de vehículos de motor y motocicletas, transporte y almacenamiento, hostelería	2000	18.244.929
Total Nacional	02 Aragón	G_I. Comercio al por mayor y al por menor, reparación de vehículos de motor y motocicletas, transporte y almacenamiento, hostelería	2023 (A)	8.592.332
Total Nacional	02 Aragón	G_I. Comercio al por mayor y al por menor, reparación de vehículos de motor y motocicletas, transporte y almacenamiento, hostelería	2022 (P)	8.009.456
Total Nacional	02 Aragón	G_I. Comercio al por mayor y al por menor, reparación de vehículos de motor y motocicletas, transporte y almacenamiento, hostelería	2021	6.915.932
Total Nacional	02 Aragón	G_I. Comercio al por mayor y al por menor, reparación de vehículos de motor y motocicletas, transporte y almacenamiento, hostelería	2020	6.040.838
Total Nacional	02 Aragón	G_I. Comercio al por mayor y al por menor, reparación de vehículos de motor y motocicletas, transporte y almacenamiento, hostelería	2019	7.330.389
Total Nacional	02 Aragón	G_I. Comercio al por mayor y al por menor, reparación de vehículos de motor y motocicletas, transporte y almacenamiento, hostelería	2018	7.147.989
Total Nacional	02 Aragón	G_I. Comercio al por mayor y al por menor, reparación de vehículos de motor y motocicletas, transporte y almacenamiento, hostelería	2017	6.924.872
Total Nacional	02 Aragón	G_I. Comercio al por mayor y al por menor, reparación de vehículos de motor y motocicletas, transporte y almacenamiento, hostelería	2016	6.615.770
Total Nacional	02 Aragón	G_I. Comercio al por mayor y al por menor, reparación de vehículos de motor y motocicletas, transporte y almacenamiento, hostelería	2015	6.446.807
Total Nacional	02 Aragón	G_I. Comercio al por mayor y al por menor, reparación de vehículos de motor y motocicletas, transporte y almacenamiento, hostelería	2014	6.148.807
Total Nacional	02 Aragón	G_I. Comercio al por mayor y al por menor, reparación de vehículos de motor y motocicletas, transporte y almacenamiento, hostelería	2013	6.060.678
Total Nacional	02 Aragón	G_I. Comercio al por mayor y al por menor, reparación de vehículos de motor y motocicletas, transporte y almacenamiento, hostelería	2012	6.180.738
Total Nacional	02 Aragón	G_I. Comercio al por mayor y al por menor, reparación de vehículos de motor y motocicletas, transporte y almacenamiento, hostelería	2011	6.391.706
Total Nacional	02 Aragón	G_I. Comercio al por mayor y al por menor, reparación de vehículos de motor y motocicletas, transporte y almacenamiento, hostelería	2010	6.245.334
Total Nacional	02 Aragón	G_I. Comercio al por mayor y al por menor, reparación de vehículos de motor y motocicletas, transporte y almacenamiento, hostelería	2009	6.223.837
Total Nacional	02 Aragón	G_I. Comercio al por mayor y al por menor, reparación de vehículos de motor y motocicletas, transporte y almacenamiento, hostelería	2008	6.342.026
Total Nacional	02 Aragón	G_I. Comercio al por mayor y al por menor, reparación de vehículos de motor y motocicletas, transporte y almacenamiento, hostelería	2007	5.817.952
Total Nacional	02 Aragón	G_I. Comercio al por mayor y al por menor, reparación de vehículos de motor y motocicletas, transporte y almacenamiento, hostelería	2006	5.435.336
Total Nacional	02 Aragón	G_I. Comercio al por mayor y al por menor, reparación de vehículos de motor y motocicletas, transporte y almacenamiento, hostelería	2005	5.115.359
Total Nacional	02 Aragón	G_I. Comercio al por mayor y al por menor, reparación de vehículos de motor y motocicletas, transporte y almacenamiento, hostelería	2004	4.899.091
Total Nacional	02 Aragón	G_I. Comercio al por mayor y al por menor, reparación de vehículos de motor y motocicletas, transporte y almacenamiento, hostelería	2003	4.545.331
Total Nacional	02 Aragón	G_I. Comercio al por mayor y al por menor, reparación de vehículos de motor y motocicletas, transporte y almacenamiento, hostelería	2002	4.371.245
Total Nacional	02 Aragón	G_I. Comercio al por mayor y al por menor, reparación de vehículos de motor y motocicletas, transporte y almacenamiento, hostelería	2001	4.111.079
Total Nacional	02 Aragón	G_I. Comercio al por mayor y al por menor, reparación de vehículos de motor y motocicletas, transporte y almacenamiento, hostelería	2000	3.789.273
Total Nacional	03 Asturias, Principado de	G_I. Comercio al por mayor y al por menor, reparación de vehículos de motor y motocicletas, transporte y almacenamiento, hostelería	2023 (A)	5.628.200
Total Nacional	03 Asturias, Principado de	G_I. Comercio al por mayor y al por menor, reparación de vehículos de motor y motocicletas, transporte y almacenamiento, hostelería	2022 (P)	5.097.143
Total Nacional	03 Asturias, Principado de	G_I. Comercio al por mayor y al por menor, reparación de vehículos de motor y motocicletas, transporte y almacenamiento, hostelería	2021	4.376.454
Total Nacional	03 Asturias, Principado de	G_I. Comercio al por mayor y al por menor, reparación de vehículos de motor y motocicletas, transporte y almacenamiento, hostelería	2020	3.763.853
Total Nacional	03 Asturias, Principado de	G_I. Comercio al por mayor y al por menor, reparación de vehículos de motor y motocicletas, transporte y almacenamiento, hostelería	2019	4.780.567
Total Nacional	03 Asturias, Principado de	G_I. Comercio al por mayor y al por menor, reparación de vehículos de motor y motocicletas, transporte y almacenamiento, hostelería	2018	4.639.179
Total Nacional	03 Asturias, Principado de	G_I. Comercio al por mayor y al por menor, reparación de vehículos de motor y motocicletas, transporte y almacenamiento, hostelería	2017	4.520.231
Total Nacional	03 Asturias, Principado de	G_I. Comercio al por mayor y al por menor, reparación de vehículos de motor y motocicletas, transporte y almacenamiento, hostelería	2016	4.366.621
Total Nacional	03 Asturias, Principado de	G_I. Comercio al por mayor y al por menor, reparación de vehículos de motor y motocicletas, transporte y almacenamiento, hostelería	2015	4.315.135
Total Nacional	03 Asturias, Principado de	G_I. Comercio al por mayor y al por menor, reparación de vehículos de motor y motocicletas, transporte y almacenamiento, hostelería	2014	4.057.447
Total Nacional	03 Asturias, Principado de	G_I. Comercio al por mayor y al por menor, reparación de vehículos de motor y motocicletas, transporte y almacenamiento, hostelería	2013	4.011.501
Total Nacional	03 Asturias, Principado de	G_I. Comercio al por mayor y al por menor, reparación de vehículos de motor y motocicletas, transporte y almacenamiento, hostelería	2012	4.194.288
Total Nacional	03 Asturias, Principado de	G_I. Comercio al por mayor y al por menor, reparación de vehículos de motor y motocicletas, transporte y almacenamiento, hostelería	2011	4.400.594
Total Nacional	03 Asturias, Principado de	G_I. Comercio al por mayor y al por menor, reparación de vehículos de motor y motocicletas, transporte y almacenamiento, hostelería	2010	4.303.527
Total Nacional	03 Asturias, Principado de	G_I. Comercio al por mayor y al por menor, reparación de vehículos de motor y motocicletas, transporte y almacenamiento, hostelería	2009	4.235.744
Total Nacional	03 Asturias, Principado de	G_I. Comercio al por mayor y al por menor, reparación de vehículos de motor y motocicletas, transporte y almacenamiento, hostelería	2008	4.345.077
Total Nacional	03 Asturias, Principado de	G_I. Comercio al por mayor y al por menor, reparación de vehículos de motor y motocicletas, transporte y almacenamiento, hostelería	2007	4.046.797
Total Nacional	03 Asturias, Principado de	G_I. Comercio al por mayor y al por menor, reparación de vehículos de motor y motocicletas, transporte y almacenamiento, hostelería	2006	3.730.740
Total Nacional	03 Asturias, Principado de	G_I. Comercio al por mayor y al por menor, reparación de vehículos de motor y motocicletas, transporte y almacenamiento, hostelería	2005	3.500.767
Total Nacional	03 Asturias, Principado de	G_I. Comercio al por mayor y al por menor, reparación de vehículos de motor y motocicletas, transporte y almacenamiento, hostelería	2004	3.387.520
Total Nacional	03 Asturias, Principado de	G_I. Comercio al por mayor y al por menor, reparación de vehículos de motor y motocicletas, transporte y almacenamiento, hostelería	2003	3.163.818
Total Nacional	03 Asturias, Principado de	G_I. Comercio al por mayor y al por menor, reparación de vehículos de motor y motocicletas, transporte y almacenamiento, hostelería	2002	3.055.148
Total Nacional	03 Asturias, Principado de	G_I. Comercio al por mayor y al por menor, reparación de vehículos de motor y motocicletas, transporte y almacenamiento, hostelería	2001	2.945.887
Total Nacional	03 Asturias, Principado de	G_I. Comercio al por mayor y al por menor, reparación de vehículos de motor y motocicletas, transporte y almacenamiento, hostelería	2000	2.761.178
Total Nacional	04 Balears, Illes	G_I. Comercio al por mayor y al por menor, reparación de vehículos de motor y motocicletas, transporte y almacenamiento, hostelería	2023 (A)	14.517.765
Total Nacional	04 Balears, Illes	G_I. Comercio al por mayor y al por menor, reparación de vehículos de motor y motocicletas, transporte y almacenamiento, hostelería	2022 (P)	12.022.080
Total Nacional	04 Balears, Illes	G_I. Comercio al por mayor y al por menor, reparación de vehículos de motor y motocicletas, transporte y almacenamiento, hostelería	2021	8.285.631
Total Nacional	04 Balears, Illes	G_I. Comercio al por mayor y al por menor, reparación de vehículos de motor y motocicletas, transporte y almacenamiento, hostelería	2020	5.775.799
Total Nacional	04 Balears, Illes	G_I. Comercio al por mayor y al por menor, reparación de vehículos de motor y motocicletas, transporte y almacenamiento, hostelería	2019	11.040.494
Total Nacional	04 Balears, Illes	G_I. Comercio al por mayor y al por menor, reparación de vehículos de motor y motocicletas, transporte y almacenamiento, hostelería	2018	10.896.354
Total Nacional	04 Balears, Illes	G_I. Comercio al por mayor y al por menor, reparación de vehículos de motor y motocicletas, transporte y almacenamiento, hostelería	2017	10.421.697
Total Nacional	04 Balears, Illes	G_I. Comercio al por mayor y al por menor, reparación de vehículos de motor y motocicletas, transporte y almacenamiento, hostelería	2016	9.782.917
Total Nacional	04 Balears, Illes	G_I. Comercio al por mayor y al por menor, reparación de vehículos de motor y motocicletas, transporte y almacenamiento, hostelería	2015	9.030.313
Total Nacional	04 Balears, Illes	G_I. Comercio al por mayor y al por menor, reparación de vehículos de motor y motocicletas, transporte y almacenamiento, hostelería	2014	8.377.450
Total Nacional	04 Balears, Illes	G_I. Comercio al por mayor y al por menor, reparación de vehículos de motor y motocicletas, transporte y almacenamiento, hostelería	2013	8.038.620
Total Nacional	04 Balears, Illes	G_I. Comercio al por mayor y al por menor, reparación de vehículos de motor y motocicletas, transporte y almacenamiento, hostelería	2012	8.049.647
Total Nacional	04 Balears, Illes	G_I. Comercio al por mayor y al por menor, reparación de vehículos de motor y motocicletas, transporte y almacenamiento, hostelería	2011	7.972.485
Total Nacional	04 Balears, Illes	G_I. Comercio al por mayor y al por menor, reparación de vehículos de motor y motocicletas, transporte y almacenamiento, hostelería	2010	7.822.051
Total Nacional	04 Balears, Illes	G_I. Comercio al por mayor y al por menor, reparación de vehículos de motor y motocicletas, transporte y almacenamiento, hostelería	2009	7.685.122
Total Nacional	04 Balears, Illes	G_I. Comercio al por mayor y al por menor, reparación de vehículos de motor y motocicletas, transporte y almacenamiento, hostelería	2008	7.999.245
Total Nacional	04 Balears, Illes	G_I. Comercio al por mayor y al por menor, reparación de vehículos de motor y motocicletas, transporte y almacenamiento, hostelería	2007	7.733.905
Total Nacional	04 Balears, Illes	G_I. Comercio al por mayor y al por menor, reparación de vehículos de motor y motocicletas, transporte y almacenamiento, hostelería	2006	7.307.188
Total Nacional	04 Balears, Illes	G_I. Comercio al por mayor y al por menor, reparación de vehículos de motor y motocicletas, transporte y almacenamiento, hostelería	2005	7.061.848
Total Nacional	04 Balears, Illes	G_I. Comercio al por mayor y al por menor, reparación de vehículos de motor y motocicletas, transporte y almacenamiento, hostelería	2004	6.924.952
Total Nacional	04 Balears, Illes	G_I. Comercio al por mayor y al por menor, reparación de vehículos de motor y motocicletas, transporte y almacenamiento, hostelería	2003	6.602.912
Total Nacional	04 Balears, Illes	G_I. Comercio al por mayor y al por menor, reparación de vehículos de motor y motocicletas, transporte y almacenamiento, hostelería	2002	6.529.175
Total Nacional	04 Balears, Illes	G_I. Comercio al por mayor y al por menor, reparación de vehículos de motor y motocicletas, transporte y almacenamiento, hostelería	2001	6.495.321
Total Nacional	04 Balears, Illes	G_I. Comercio al por mayor y al por menor, reparación de vehículos de motor y motocicletas, transporte y almacenamiento, hostelería	2000	6.162.891
Total Nacional	05 Canarias	G_I. Comercio al por mayor y al por menor, reparación de vehículos de motor y motocicletas, transporte y almacenamiento, hostelería	2023 (A)	17.432.194
Total Nacional	05 Canarias	G_I. Comercio al por mayor y al por menor, reparación de vehículos de motor y motocicletas, transporte y almacenamiento, hostelería	2022 (P)	14.955.739
Total Nacional	05 Canarias	G_I. Comercio al por mayor y al por menor, reparación de vehículos de motor y motocicletas, transporte y almacenamiento, hostelería	2021	11.345.907
Total Nacional	05 Canarias	G_I. Comercio al por mayor y al por menor, reparación de vehículos de motor y motocicletas, transporte y almacenamiento, hostelería	2020	9.019.269
Total Nacional	05 Canarias	G_I. Comercio al por mayor y al por menor, reparación de vehículos de motor y motocicletas, transporte y almacenamiento, hostelería	2019	15.012.371
Total Nacional	05 Canarias	G_I. Comercio al por mayor y al por menor, reparación de vehículos de motor y motocicletas, transporte y almacenamiento, hostelería	2018	14.870.156
Total Nacional	05 Canarias	G_I. Comercio al por mayor y al por menor, reparación de vehículos de motor y motocicletas, transporte y almacenamiento, hostelería	2017	14.409.607
Total Nacional	05 Canarias	G_I. Comercio al por mayor y al por menor, reparación de vehículos de motor y motocicletas, transporte y almacenamiento, hostelería	2016	13.515.194
Total Nacional	05 Canarias	G_I. Comercio al por mayor y al por menor, reparación de vehículos de motor y motocicletas, transporte y almacenamiento, hostelería	2015	12.838.466
Total Nacional	05 Canarias	G_I. Comercio al por mayor y al por menor, reparación de vehículos de motor y motocicletas, transporte y almacenamiento, hostelería	2014	12.202.717
Total Nacional	05 Canarias	G_I. Comercio al por mayor y al por menor, reparación de vehículos de motor y motocicletas, transporte y almacenamiento, hostelería	2013	12.064.044
Total Nacional	05 Canarias	G_I. Comercio al por mayor y al por menor, reparación de vehículos de motor y motocicletas, transporte y almacenamiento, hostelería	2012	11.981.714
Total Nacional	05 Canarias	G_I. Comercio al por mayor y al por menor, reparación de vehículos de motor y motocicletas, transporte y almacenamiento, hostelería	2011	12.244.816
Total Nacional	05 Canarias	G_I. Comercio al por mayor y al por menor, reparación de vehículos de motor y motocicletas, transporte y almacenamiento, hostelería	2010	11.736.101
Total Nacional	05 Canarias	G_I. Comercio al por mayor y al por menor, reparación de vehículos de motor y motocicletas, transporte y almacenamiento, hostelería	2009	11.690.745
Total Nacional	05 Canarias	G_I. Comercio al por mayor y al por menor, reparación de vehículos de motor y motocicletas, transporte y almacenamiento, hostelería	2008	12.239.629
Total Nacional	05 Canarias	G_I. Comercio al por mayor y al por menor, reparación de vehículos de motor y motocicletas, transporte y almacenamiento, hostelería	2007	11.877.587
Total Nacional	05 Canarias	G_I. Comercio al por mayor y al por menor, reparación de vehículos de motor y motocicletas, transporte y almacenamiento, hostelería	2006	11.356.168
Total Nacional	05 Canarias	G_I. Comercio al por mayor y al por menor, reparación de vehículos de motor y motocicletas, transporte y almacenamiento, hostelería	2005	10.720.930
Total Nacional	05 Canarias	G_I. Comercio al por mayor y al por menor, reparación de vehículos de motor y motocicletas, transporte y almacenamiento, hostelería	2004	10.552.511
Total Nacional	05 Canarias	G_I. Comercio al por mayor y al por menor, reparación de vehículos de motor y motocicletas, transporte y almacenamiento, hostelería	2003	10.203.010
Total Nacional	05 Canarias	G_I. Comercio al por mayor y al por menor, reparación de vehículos de motor y motocicletas, transporte y almacenamiento, hostelería	2002	9.792.376
Total Nacional	05 Canarias	G_I. Comercio al por mayor y al por menor, reparación de vehículos de motor y motocicletas, transporte y almacenamiento, hostelería	2001	9.272.736
Total Nacional	05 Canarias	G_I. Comercio al por mayor y al por menor, reparación de vehículos de motor y motocicletas, transporte y almacenamiento, hostelería	2000	8.413.563
Total Nacional	06 Cantabria	G_I. Comercio al por mayor y al por menor, reparación de vehículos de motor y motocicletas, transporte y almacenamiento, hostelería	2023 (A)	3.329.847
Total Nacional	06 Cantabria	G_I. Comercio al por mayor y al por menor, reparación de vehículos de motor y motocicletas, transporte y almacenamiento, hostelería	2022 (P)	2.985.153
Total Nacional	06 Cantabria	G_I. Comercio al por mayor y al por menor, reparación de vehículos de motor y motocicletas, transporte y almacenamiento, hostelería	2021	2.530.116
Total Nacional	06 Cantabria	G_I. Comercio al por mayor y al por menor, reparación de vehículos de motor y motocicletas, transporte y almacenamiento, hostelería	2020	2.154.211
Total Nacional	06 Cantabria	G_I. Comercio al por mayor y al por menor, reparación de vehículos de motor y motocicletas, transporte y almacenamiento, hostelería	2019	2.771.021
Total Nacional	06 Cantabria	G_I. Comercio al por mayor y al por menor, reparación de vehículos de motor y motocicletas, transporte y almacenamiento, hostelería	2018	2.700.612
Total Nacional	06 Cantabria	G_I. Comercio al por mayor y al por menor, reparación de vehículos de motor y motocicletas, transporte y almacenamiento, hostelería	2017	2.607.112
Total Nacional	06 Cantabria	G_I. Comercio al por mayor y al por menor, reparación de vehículos de motor y motocicletas, transporte y almacenamiento, hostelería	2016	2.492.495
Total Nacional	06 Cantabria	G_I. Comercio al por mayor y al por menor, reparación de vehículos de motor y motocicletas, transporte y almacenamiento, hostelería	2015	2.439.732
Total Nacional	06 Cantabria	G_I. Comercio al por mayor y al por menor, reparación de vehículos de motor y motocicletas, transporte y almacenamiento, hostelería	2014	2.350.956
Total Nacional	06 Cantabria	G_I. Comercio al por mayor y al por menor, reparación de vehículos de motor y motocicletas, transporte y almacenamiento, hostelería	2013	2.368.179
Total Nacional	06 Cantabria	G_I. Comercio al por mayor y al por menor, reparación de vehículos de motor y motocicletas, transporte y almacenamiento, hostelería	2012	2.399.167
Total Nacional	06 Cantabria	G_I. Comercio al por mayor y al por menor, reparación de vehículos de motor y motocicletas, transporte y almacenamiento, hostelería	2011	2.489.218
Total Nacional	06 Cantabria	G_I. Comercio al por mayor y al por menor, reparación de vehículos de motor y motocicletas, transporte y almacenamiento, hostelería	2010	2.486.991
Total Nacional	06 Cantabria	G_I. Comercio al por mayor y al por menor, reparación de vehículos de motor y motocicletas, transporte y almacenamiento, hostelería	2009	2.532.138
Total Nacional	06 Cantabria	G_I. Comercio al por mayor y al por menor, reparación de vehículos de motor y motocicletas, transporte y almacenamiento, hostelería	2008	2.518.431
Total Nacional	06 Cantabria	G_I. Comercio al por mayor y al por menor, reparación de vehículos de motor y motocicletas, transporte y almacenamiento, hostelería	2007	2.392.728
Total Nacional	06 Cantabria	G_I. Comercio al por mayor y al por menor, reparación de vehículos de motor y motocicletas, transporte y almacenamiento, hostelería	2006	2.230.844
Total Nacional	06 Cantabria	G_I. Comercio al por mayor y al por menor, reparación de vehículos de motor y motocicletas, transporte y almacenamiento, hostelería	2005	2.115.999
Total Nacional	06 Cantabria	G_I. Comercio al por mayor y al por menor, reparación de vehículos de motor y motocicletas, transporte y almacenamiento, hostelería	2004	2.038.124
Total Nacional	06 Cantabria	G_I. Comercio al por mayor y al por menor, reparación de vehículos de motor y motocicletas, transporte y almacenamiento, hostelería	2003	1.898.618
Total Nacional	06 Cantabria	G_I. Comercio al por mayor y al por menor, reparación de vehículos de motor y motocicletas, transporte y almacenamiento, hostelería	2002	1.817.976
Total Nacional	06 Cantabria	G_I. Comercio al por mayor y al por menor, reparación de vehículos de motor y motocicletas, transporte y almacenamiento, hostelería	2001	1.736.723
Total Nacional	06 Cantabria	G_I. Comercio al por mayor y al por menor, reparación de vehículos de motor y motocicletas, transporte y almacenamiento, hostelería	2000	1.585.733
Total Nacional	07 Castilla y León	G_I. Comercio al por mayor y al por menor, reparación de vehículos de motor y motocicletas, transporte y almacenamiento, hostelería	2023 (A)	13.086.641
Total Nacional	07 Castilla y León	G_I. Comercio al por mayor y al por menor, reparación de vehículos de motor y motocicletas, transporte y almacenamiento, hostelería	2022 (P)	12.033.435
Total Nacional	07 Castilla y León	G_I. Comercio al por mayor y al por menor, reparación de vehículos de motor y motocicletas, transporte y almacenamiento, hostelería	2021	10.259.094
Total Nacional	07 Castilla y León	G_I. Comercio al por mayor y al por menor, reparación de vehículos de motor y motocicletas, transporte y almacenamiento, hostelería	2020	8.841.823
Total Nacional	07 Castilla y León	G_I. Comercio al por mayor y al por menor, reparación de vehículos de motor y motocicletas, transporte y almacenamiento, hostelería	2019	11.185.246
Total Nacional	07 Castilla y León	G_I. Comercio al por mayor y al por menor, reparación de vehículos de motor y motocicletas, transporte y almacenamiento, hostelería	2018	10.927.365
Total Nacional	07 Castilla y León	G_I. Comercio al por mayor y al por menor, reparación de vehículos de motor y motocicletas, transporte y almacenamiento, hostelería	2017	10.653.169
Total Nacional	07 Castilla y León	G_I. Comercio al por mayor y al por menor, reparación de vehículos de motor y motocicletas, transporte y almacenamiento, hostelería	2016	10.177.771
Total Nacional	07 Castilla y León	G_I. Comercio al por mayor y al por menor, reparación de vehículos de motor y motocicletas, transporte y almacenamiento, hostelería	2015	9.751.634
Total Nacional	07 Castilla y León	G_I. Comercio al por mayor y al por menor, reparación de vehículos de motor y motocicletas, transporte y almacenamiento, hostelería	2014	9.302.554
Total Nacional	07 Castilla y León	G_I. Comercio al por mayor y al por menor, reparación de vehículos de motor y motocicletas, transporte y almacenamiento, hostelería	2013	9.178.207
Total Nacional	07 Castilla y León	G_I. Comercio al por mayor y al por menor, reparación de vehículos de motor y motocicletas, transporte y almacenamiento, hostelería	2012	9.580.465
Total Nacional	07 Castilla y León	G_I. Comercio al por mayor y al por menor, reparación de vehículos de motor y motocicletas, transporte y almacenamiento, hostelería	2011	9.868.027
Total Nacional	07 Castilla y León	G_I. Comercio al por mayor y al por menor, reparación de vehículos de motor y motocicletas, transporte y almacenamiento, hostelería	2010	9.587.929
Total Nacional	07 Castilla y León	G_I. Comercio al por mayor y al por menor, reparación de vehículos de motor y motocicletas, transporte y almacenamiento, hostelería	2009	9.708.964
Total Nacional	07 Castilla y León	G_I. Comercio al por mayor y al por menor, reparación de vehículos de motor y motocicletas, transporte y almacenamiento, hostelería	2008	9.492.841
Total Nacional	07 Castilla y León	G_I. Comercio al por mayor y al por menor, reparación de vehículos de motor y motocicletas, transporte y almacenamiento, hostelería	2007	8.995.082
Total Nacional	07 Castilla y León	G_I. Comercio al por mayor y al por menor, reparación de vehículos de motor y motocicletas, transporte y almacenamiento, hostelería	2006	8.303.421
Total Nacional	07 Castilla y León	G_I. Comercio al por mayor y al por menor, reparación de vehículos de motor y motocicletas, transporte y almacenamiento, hostelería	2005	7.810.077
Total Nacional	07 Castilla y León	G_I. Comercio al por mayor y al por menor, reparación de vehículos de motor y motocicletas, transporte y almacenamiento, hostelería	2004	7.559.469
Total Nacional	07 Castilla y León	G_I. Comercio al por mayor y al por menor, reparación de vehículos de motor y motocicletas, transporte y almacenamiento, hostelería	2003	7.107.529
Total Nacional	07 Castilla y León	G_I. Comercio al por mayor y al por menor, reparación de vehículos de motor y motocicletas, transporte y almacenamiento, hostelería	2002	6.794.456
Total Nacional	07 Castilla y León	G_I. Comercio al por mayor y al por menor, reparación de vehículos de motor y motocicletas, transporte y almacenamiento, hostelería	2001	6.473.666
Total Nacional	07 Castilla y León	G_I. Comercio al por mayor y al por menor, reparación de vehículos de motor y motocicletas, transporte y almacenamiento, hostelería	2000	6.059.363
Total Nacional	08 Castilla - La Mancha	G_I. Comercio al por mayor y al por menor, reparación de vehículos de motor y motocicletas, transporte y almacenamiento, hostelería	2023 (A)	9.226.524
Total Nacional	08 Castilla - La Mancha	G_I. Comercio al por mayor y al por menor, reparación de vehículos de motor y motocicletas, transporte y almacenamiento, hostelería	2022 (P)	8.464.931
Total Nacional	08 Castilla - La Mancha	G_I. Comercio al por mayor y al por menor, reparación de vehículos de motor y motocicletas, transporte y almacenamiento, hostelería	2021	7.331.619
Total Nacional	08 Castilla - La Mancha	G_I. Comercio al por mayor y al por menor, reparación de vehículos de motor y motocicletas, transporte y almacenamiento, hostelería	2020	6.309.072
Total Nacional	08 Castilla - La Mancha	G_I. Comercio al por mayor y al por menor, reparación de vehículos de motor y motocicletas, transporte y almacenamiento, hostelería	2019	7.646.683
Total Nacional	08 Castilla - La Mancha	G_I. Comercio al por mayor y al por menor, reparación de vehículos de motor y motocicletas, transporte y almacenamiento, hostelería	2018	7.383.777
Total Nacional	08 Castilla - La Mancha	G_I. Comercio al por mayor y al por menor, reparación de vehículos de motor y motocicletas, transporte y almacenamiento, hostelería	2017	7.115.034
Total Nacional	08 Castilla - La Mancha	G_I. Comercio al por mayor y al por menor, reparación de vehículos de motor y motocicletas, transporte y almacenamiento, hostelería	2016	6.804.386
Total Nacional	08 Castilla - La Mancha	G_I. Comercio al por mayor y al por menor, reparación de vehículos de motor y motocicletas, transporte y almacenamiento, hostelería	2015	6.648.233
Total Nacional	08 Castilla - La Mancha	G_I. Comercio al por mayor y al por menor, reparación de vehículos de motor y motocicletas, transporte y almacenamiento, hostelería	2014	6.375.952
Total Nacional	08 Castilla - La Mancha	G_I. Comercio al por mayor y al por menor, reparación de vehículos de motor y motocicletas, transporte y almacenamiento, hostelería	2013	6.110.537
Total Nacional	08 Castilla - La Mancha	G_I. Comercio al por mayor y al por menor, reparación de vehículos de motor y motocicletas, transporte y almacenamiento, hostelería	2012	6.434.358
Total Nacional	08 Castilla - La Mancha	G_I. Comercio al por mayor y al por menor, reparación de vehículos de motor y motocicletas, transporte y almacenamiento, hostelería	2011	6.456.664
Total Nacional	08 Castilla - La Mancha	G_I. Comercio al por mayor y al por menor, reparación de vehículos de motor y motocicletas, transporte y almacenamiento, hostelería	2010	6.413.950
Total Nacional	08 Castilla - La Mancha	G_I. Comercio al por mayor y al por menor, reparación de vehículos de motor y motocicletas, transporte y almacenamiento, hostelería	2009	6.391.331
Total Nacional	08 Castilla - La Mancha	G_I. Comercio al por mayor y al por menor, reparación de vehículos de motor y motocicletas, transporte y almacenamiento, hostelería	2008	6.586.983
Total Nacional	08 Castilla - La Mancha	G_I. Comercio al por mayor y al por menor, reparación de vehículos de motor y motocicletas, transporte y almacenamiento, hostelería	2007	6.131.707
Total Nacional	08 Castilla - La Mancha	G_I. Comercio al por mayor y al por menor, reparación de vehículos de motor y motocicletas, transporte y almacenamiento, hostelería	2006	5.608.748
Total Nacional	08 Castilla - La Mancha	G_I. Comercio al por mayor y al por menor, reparación de vehículos de motor y motocicletas, transporte y almacenamiento, hostelería	2005	5.148.385
Total Nacional	08 Castilla - La Mancha	G_I. Comercio al por mayor y al por menor, reparación de vehículos de motor y motocicletas, transporte y almacenamiento, hostelería	2004	4.760.663
Total Nacional	08 Castilla - La Mancha	G_I. Comercio al por mayor y al por menor, reparación de vehículos de motor y motocicletas, transporte y almacenamiento, hostelería	2003	4.360.256
Total Nacional	08 Castilla - La Mancha	G_I. Comercio al por mayor y al por menor, reparación de vehículos de motor y motocicletas, transporte y almacenamiento, hostelería	2002	4.060.920
Total Nacional	08 Castilla - La Mancha	G_I. Comercio al por mayor y al por menor, reparación de vehículos de motor y motocicletas, transporte y almacenamiento, hostelería	2001	3.867.558
Total Nacional	08 Castilla - La Mancha	G_I. Comercio al por mayor y al por menor, reparación de vehículos de motor y motocicletas, transporte y almacenamiento, hostelería	2000	3.428.573
Total Nacional	09 Cataluńa	G_I. Comercio al por mayor y al por menor, reparación de vehículos de motor y motocicletas, transporte y almacenamiento, hostelería	2023 (A)	64.789.650
Total Nacional	09 Cataluńa	G_I. Comercio al por mayor y al por menor, reparación de vehículos de motor y motocicletas, transporte y almacenamiento, hostelería	2022 (P)	59.024.452
Total Nacional	09 Cataluńa	G_I. Comercio al por mayor y al por menor, reparación de vehículos de motor y motocicletas, transporte y almacenamiento, hostelería	2021	49.470.984
Total Nacional	09 Cataluńa	G_I. Comercio al por mayor y al por menor, reparación de vehículos de motor y motocicletas, transporte y almacenamiento, hostelería	2020	42.169.900
Total Nacional	09 Cataluńa	G_I. Comercio al por mayor y al por menor, reparación de vehículos de motor y motocicletas, transporte y almacenamiento, hostelería	2019	55.326.300
Total Nacional	09 Cataluńa	G_I. Comercio al por mayor y al por menor, reparación de vehículos de motor y motocicletas, transporte y almacenamiento, hostelería	2018	53.543.707
Total Nacional	09 Cataluńa	G_I. Comercio al por mayor y al por menor, reparación de vehículos de motor y motocicletas, transporte y almacenamiento, hostelería	2017	51.788.304
Total Nacional	09 Cataluńa	G_I. Comercio al por mayor y al por menor, reparación de vehículos de motor y motocicletas, transporte y almacenamiento, hostelería	2016	49.768.563
Total Nacional	09 Cataluńa	G_I. Comercio al por mayor y al por menor, reparación de vehículos de motor y motocicletas, transporte y almacenamiento, hostelería	2015	47.747.793
Total Nacional	09 Cataluńa	G_I. Comercio al por mayor y al por menor, reparación de vehículos de motor y motocicletas, transporte y almacenamiento, hostelería	2014	45.460.121
Total Nacional	09 Cataluńa	G_I. Comercio al por mayor y al por menor, reparación de vehículos de motor y motocicletas, transporte y almacenamiento, hostelería	2013	44.878.028
Total Nacional	09 Cataluńa	G_I. Comercio al por mayor y al por menor, reparación de vehículos de motor y motocicletas, transporte y almacenamiento, hostelería	2012	45.422.445
Total Nacional	09 Cataluńa	G_I. Comercio al por mayor y al por menor, reparación de vehículos de motor y motocicletas, transporte y almacenamiento, hostelería	2011	45.626.483
Total Nacional	09 Cataluńa	G_I. Comercio al por mayor y al por menor, reparación de vehículos de motor y motocicletas, transporte y almacenamiento, hostelería	2010	45.132.089
Total Nacional	09 Cataluńa	G_I. Comercio al por mayor y al por menor, reparación de vehículos de motor y motocicletas, transporte y almacenamiento, hostelería	2009	44.229.458
Total Nacional	09 Cataluńa	G_I. Comercio al por mayor y al por menor, reparación de vehículos de motor y motocicletas, transporte y almacenamiento, hostelería	2008	44.839.073
Total Nacional	09 Cataluńa	G_I. Comercio al por mayor y al por menor, reparación de vehículos de motor y motocicletas, transporte y almacenamiento, hostelería	2007	42.535.696
Total Nacional	09 Cataluńa	G_I. Comercio al por mayor y al por menor, reparación de vehículos de motor y motocicletas, transporte y almacenamiento, hostelería	2006	39.847.637
Total Nacional	09 Cataluńa	G_I. Comercio al por mayor y al por menor, reparación de vehículos de motor y motocicletas, transporte y almacenamiento, hostelería	2005	37.152.429
Total Nacional	09 Cataluńa	G_I. Comercio al por mayor y al por menor, reparación de vehículos de motor y motocicletas, transporte y almacenamiento, hostelería	2004	35.492.573
Total Nacional	09 Cataluńa	G_I. Comercio al por mayor y al por menor, reparación de vehículos de motor y motocicletas, transporte y almacenamiento, hostelería	2003	33.361.791
Total Nacional	09 Cataluńa	G_I. Comercio al por mayor y al por menor, reparación de vehículos de motor y motocicletas, transporte y almacenamiento, hostelería	2002	31.668.921
Total Nacional	09 Cataluńa	G_I. Comercio al por mayor y al por menor, reparación de vehículos de motor y motocicletas, transporte y almacenamiento, hostelería	2001	29.039.409
Total Nacional	09 Cataluńa	G_I. Comercio al por mayor y al por menor, reparación de vehículos de motor y motocicletas, transporte y almacenamiento, hostelería	2000	26.855.999
Total Nacional	10 Comunitat Valenciana	G_I. Comercio al por mayor y al por menor, reparación de vehículos de motor y motocicletas, transporte y almacenamiento, hostelería	2023 (A)	31.589.808
Total Nacional	10 Comunitat Valenciana	G_I. Comercio al por mayor y al por menor, reparación de vehículos de motor y motocicletas, transporte y almacenamiento, hostelería	2022 (P)	28.900.082
Total Nacional	10 Comunitat Valenciana	G_I. Comercio al por mayor y al por menor, reparación de vehículos de motor y motocicletas, transporte y almacenamiento, hostelería	2021	24.671.503
Total Nacional	10 Comunitat Valenciana	G_I. Comercio al por mayor y al por menor, reparación de vehículos de motor y motocicletas, transporte y almacenamiento, hostelería	2020	20.988.942
Total Nacional	10 Comunitat Valenciana	G_I. Comercio al por mayor y al por menor, reparación de vehículos de motor y motocicletas, transporte y almacenamiento, hostelería	2019	26.515.929
Total Nacional	10 Comunitat Valenciana	G_I. Comercio al por mayor y al por menor, reparación de vehículos de motor y motocicletas, transporte y almacenamiento, hostelería	2018	25.712.143
Total Nacional	10 Comunitat Valenciana	G_I. Comercio al por mayor y al por menor, reparación de vehículos de motor y motocicletas, transporte y almacenamiento, hostelería	2017	24.824.899
Total Nacional	10 Comunitat Valenciana	G_I. Comercio al por mayor y al por menor, reparación de vehículos de motor y motocicletas, transporte y almacenamiento, hostelería	2016	23.733.282
Total Nacional	10 Comunitat Valenciana	G_I. Comercio al por mayor y al por menor, reparación de vehículos de motor y motocicletas, transporte y almacenamiento, hostelería	2015	22.749.891
Total Nacional	10 Comunitat Valenciana	G_I. Comercio al por mayor y al por menor, reparación de vehículos de motor y motocicletas, transporte y almacenamiento, hostelería	2014	21.597.410
Total Nacional	10 Comunitat Valenciana	G_I. Comercio al por mayor y al por menor, reparación de vehículos de motor y motocicletas, transporte y almacenamiento, hostelería	2013	21.156.552
Total Nacional	10 Comunitat Valenciana	G_I. Comercio al por mayor y al por menor, reparación de vehículos de motor y motocicletas, transporte y almacenamiento, hostelería	2012	21.553.301
Total Nacional	10 Comunitat Valenciana	G_I. Comercio al por mayor y al por menor, reparación de vehículos de motor y motocicletas, transporte y almacenamiento, hostelería	2011	22.517.941
Total Nacional	10 Comunitat Valenciana	G_I. Comercio al por mayor y al por menor, reparación de vehículos de motor y motocicletas, transporte y almacenamiento, hostelería	2010	22.249.507
Total Nacional	10 Comunitat Valenciana	G_I. Comercio al por mayor y al por menor, reparación de vehículos de motor y motocicletas, transporte y almacenamiento, hostelería	2009	22.294.799
Total Nacional	10 Comunitat Valenciana	G_I. Comercio al por mayor y al por menor, reparación de vehículos de motor y motocicletas, transporte y almacenamiento, hostelería	2008	23.258.827
Total Nacional	10 Comunitat Valenciana	G_I. Comercio al por mayor y al por menor, reparación de vehículos de motor y motocicletas, transporte y almacenamiento, hostelería	2007	22.055.763
Total Nacional	10 Comunitat Valenciana	G_I. Comercio al por mayor y al por menor, reparación de vehículos de motor y motocicletas, transporte y almacenamiento, hostelería	2006	20.740.929
Total Nacional	10 Comunitat Valenciana	G_I. Comercio al por mayor y al por menor, reparación de vehículos de motor y motocicletas, transporte y almacenamiento, hostelería	2005	19.468.877
Total Nacional	10 Comunitat Valenciana	G_I. Comercio al por mayor y al por menor, reparación de vehículos de motor y motocicletas, transporte y almacenamiento, hostelería	2004	18.527.725
Total Nacional	10 Comunitat Valenciana	G_I. Comercio al por mayor y al por menor, reparación de vehículos de motor y motocicletas, transporte y almacenamiento, hostelería	2003	17.286.769
Total Nacional	10 Comunitat Valenciana	G_I. Comercio al por mayor y al por menor, reparación de vehículos de motor y motocicletas, transporte y almacenamiento, hostelería	2002	16.670.553
Total Nacional	10 Comunitat Valenciana	G_I. Comercio al por mayor y al por menor, reparación de vehículos de motor y motocicletas, transporte y almacenamiento, hostelería	2001	15.605.796
Total Nacional	10 Comunitat Valenciana	G_I. Comercio al por mayor y al por menor, reparación de vehículos de motor y motocicletas, transporte y almacenamiento, hostelería	2000	14.244.842
Total Nacional	11 Extremadura	G_I. Comercio al por mayor y al por menor, reparación de vehículos de motor y motocicletas, transporte y almacenamiento, hostelería	2023 (A)	4.033.898
Total Nacional	11 Extremadura	G_I. Comercio al por mayor y al por menor, reparación de vehículos de motor y motocicletas, transporte y almacenamiento, hostelería	2022 (P)	3.764.930
Total Nacional	11 Extremadura	G_I. Comercio al por mayor y al por menor, reparación de vehículos de motor y motocicletas, transporte y almacenamiento, hostelería	2021	3.235.741
Total Nacional	11 Extremadura	G_I. Comercio al por mayor y al por menor, reparación de vehículos de motor y motocicletas, transporte y almacenamiento, hostelería	2020	2.782.377
Total Nacional	11 Extremadura	G_I. Comercio al por mayor y al por menor, reparación de vehículos de motor y motocicletas, transporte y almacenamiento, hostelería	2019	3.368.781
Total Nacional	11 Extremadura	G_I. Comercio al por mayor y al por menor, reparación de vehículos de motor y motocicletas, transporte y almacenamiento, hostelería	2018	3.301.628
Total Nacional	11 Extremadura	G_I. Comercio al por mayor y al por menor, reparación de vehículos de motor y motocicletas, transporte y almacenamiento, hostelería	2017	3.326.381
Total Nacional	11 Extremadura	G_I. Comercio al por mayor y al por menor, reparación de vehículos de motor y motocicletas, transporte y almacenamiento, hostelería	2016	3.029.027
Total Nacional	11 Extremadura	G_I. Comercio al por mayor y al por menor, reparación de vehículos de motor y motocicletas, transporte y almacenamiento, hostelería	2015	2.820.760
Total Nacional	11 Extremadura	G_I. Comercio al por mayor y al por menor, reparación de vehículos de motor y motocicletas, transporte y almacenamiento, hostelería	2014	2.664.944
Total Nacional	11 Extremadura	G_I. Comercio al por mayor y al por menor, reparación de vehículos de motor y motocicletas, transporte y almacenamiento, hostelería	2013	2.742.328
Total Nacional	11 Extremadura	G_I. Comercio al por mayor y al por menor, reparación de vehículos de motor y motocicletas, transporte y almacenamiento, hostelería	2012	2.756.835
Total Nacional	11 Extremadura	G_I. Comercio al por mayor y al por menor, reparación de vehículos de motor y motocicletas, transporte y almacenamiento, hostelería	2011	2.801.864
Total Nacional	11 Extremadura	G_I. Comercio al por mayor y al por menor, reparación de vehículos de motor y motocicletas, transporte y almacenamiento, hostelería	2010	2.805.604
Total Nacional	11 Extremadura	G_I. Comercio al por mayor y al por menor, reparación de vehículos de motor y motocicletas, transporte y almacenamiento, hostelería	2009	2.746.375
Total Nacional	11 Extremadura	G_I. Comercio al por mayor y al por menor, reparación de vehículos de motor y motocicletas, transporte y almacenamiento, hostelería	2008	2.834.433
Total Nacional	11 Extremadura	G_I. Comercio al por mayor y al por menor, reparación de vehículos de motor y motocicletas, transporte y almacenamiento, hostelería	2007	2.722.512
Total Nacional	11 Extremadura	G_I. Comercio al por mayor y al por menor, reparación de vehículos de motor y motocicletas, transporte y almacenamiento, hostelería	2006	2.547.045
Total Nacional	11 Extremadura	G_I. Comercio al por mayor y al por menor, reparación de vehículos de motor y motocicletas, transporte y almacenamiento, hostelería	2005	2.399.701
Total Nacional	11 Extremadura	G_I. Comercio al por mayor y al por menor, reparación de vehículos de motor y motocicletas, transporte y almacenamiento, hostelería	2004	2.294.578
Total Nacional	11 Extremadura	G_I. Comercio al por mayor y al por menor, reparación de vehículos de motor y motocicletas, transporte y almacenamiento, hostelería	2003	2.126.390
Total Nacional	11 Extremadura	G_I. Comercio al por mayor y al por menor, reparación de vehículos de motor y motocicletas, transporte y almacenamiento, hostelería	2002	2.036.909
Total Nacional	11 Extremadura	G_I. Comercio al por mayor y al por menor, reparación de vehículos de motor y motocicletas, transporte y almacenamiento, hostelería	2001	1.892.714
Total Nacional	11 Extremadura	G_I. Comercio al por mayor y al por menor, reparación de vehículos de motor y motocicletas, transporte y almacenamiento, hostelería	2000	1.830.050
Total Nacional	12 Galicia	G_I. Comercio al por mayor y al por menor, reparación de vehículos de motor y motocicletas, transporte y almacenamiento, hostelería	2023 (A)	16.665.028
Total Nacional	12 Galicia	G_I. Comercio al por mayor y al por menor, reparación de vehículos de motor y motocicletas, transporte y almacenamiento, hostelería	2022 (P)	15.466.357
Total Nacional	12 Galicia	G_I. Comercio al por mayor y al por menor, reparación de vehículos de motor y motocicletas, transporte y almacenamiento, hostelería	2021	13.415.359
Total Nacional	12 Galicia	G_I. Comercio al por mayor y al por menor, reparación de vehículos de motor y motocicletas, transporte y almacenamiento, hostelería	2020	11.518.085
Total Nacional	12 Galicia	G_I. Comercio al por mayor y al por menor, reparación de vehículos de motor y motocicletas, transporte y almacenamiento, hostelería	2019	14.069.491
Total Nacional	12 Galicia	G_I. Comercio al por mayor y al por menor, reparación de vehículos de motor y motocicletas, transporte y almacenamiento, hostelería	2018	13.770.971
Total Nacional	12 Galicia	G_I. Comercio al por mayor y al por menor, reparación de vehículos de motor y motocicletas, transporte y almacenamiento, hostelería	2017	13.290.197
Total Nacional	12 Galicia	G_I. Comercio al por mayor y al por menor, reparación de vehículos de motor y motocicletas, transporte y almacenamiento, hostelería	2016	12.833.091
Total Nacional	12 Galicia	G_I. Comercio al por mayor y al por menor, reparación de vehículos de motor y motocicletas, transporte y almacenamiento, hostelería	2015	12.180.832
Total Nacional	12 Galicia	G_I. Comercio al por mayor y al por menor, reparación de vehículos de motor y motocicletas, transporte y almacenamiento, hostelería	2014	11.378.828
Total Nacional	12 Galicia	G_I. Comercio al por mayor y al por menor, reparación de vehículos de motor y motocicletas, transporte y almacenamiento, hostelería	2013	11.101.483
Total Nacional	12 Galicia	G_I. Comercio al por mayor y al por menor, reparación de vehículos de motor y motocicletas, transporte y almacenamiento, hostelería	2012	11.258.806
Total Nacional	12 Galicia	G_I. Comercio al por mayor y al por menor, reparación de vehículos de motor y motocicletas, transporte y almacenamiento, hostelería	2011	11.411.749
Total Nacional	12 Galicia	G_I. Comercio al por mayor y al por menor, reparación de vehículos de motor y motocicletas, transporte y almacenamiento, hostelería	2010	11.475.963
Total Nacional	12 Galicia	G_I. Comercio al por mayor y al por menor, reparación de vehículos de motor y motocicletas, transporte y almacenamiento, hostelería	2009	11.296.142
Total Nacional	12 Galicia	G_I. Comercio al por mayor y al por menor, reparación de vehículos de motor y motocicletas, transporte y almacenamiento, hostelería	2008	11.155.172
Total Nacional	12 Galicia	G_I. Comercio al por mayor y al por menor, reparación de vehículos de motor y motocicletas, transporte y almacenamiento, hostelería	2007	10.405.839
Total Nacional	12 Galicia	G_I. Comercio al por mayor y al por menor, reparación de vehículos de motor y motocicletas, transporte y almacenamiento, hostelería	2006	9.537.441
Total Nacional	12 Galicia	G_I. Comercio al por mayor y al por menor, reparación de vehículos de motor y motocicletas, transporte y almacenamiento, hostelería	2005	8.918.667
Total Nacional	12 Galicia	G_I. Comercio al por mayor y al por menor, reparación de vehículos de motor y motocicletas, transporte y almacenamiento, hostelería	2004	8.408.189
Total Nacional	12 Galicia	G_I. Comercio al por mayor y al por menor, reparación de vehículos de motor y motocicletas, transporte y almacenamiento, hostelería	2003	7.637.232
Total Nacional	12 Galicia	G_I. Comercio al por mayor y al por menor, reparación de vehículos de motor y motocicletas, transporte y almacenamiento, hostelería	2002	7.272.420
Total Nacional	12 Galicia	G_I. Comercio al por mayor y al por menor, reparación de vehículos de motor y motocicletas, transporte y almacenamiento, hostelería	2001	6.842.424
Total Nacional	12 Galicia	G_I. Comercio al por mayor y al por menor, reparación de vehículos de motor y motocicletas, transporte y almacenamiento, hostelería	2000	6.232.354
Total Nacional	13 Madrid, Comunidad de	G_I. Comercio al por mayor y al por menor, reparación de vehículos de motor y motocicletas, transporte y almacenamiento, hostelería	2023 (A)	63.134.310
Total Nacional	13 Madrid, Comunidad de	G_I. Comercio al por mayor y al por menor, reparación de vehículos de motor y motocicletas, transporte y almacenamiento, hostelería	2022 (P)	57.699.174
Total Nacional	13 Madrid, Comunidad de	G_I. Comercio al por mayor y al por menor, reparación de vehículos de motor y motocicletas, transporte y almacenamiento, hostelería	2021	48.991.483
Total Nacional	13 Madrid, Comunidad de	G_I. Comercio al por mayor y al por menor, reparación de vehículos de motor y motocicletas, transporte y almacenamiento, hostelería	2020	41.993.060
Total Nacional	13 Madrid, Comunidad de	G_I. Comercio al por mayor y al por menor, reparación de vehículos de motor y motocicletas, transporte y almacenamiento, hostelería	2019	52.843.847
Total Nacional	13 Madrid, Comunidad de	G_I. Comercio al por mayor y al por menor, reparación de vehículos de motor y motocicletas, transporte y almacenamiento, hostelería	2018	51.207.060
Total Nacional	13 Madrid, Comunidad de	G_I. Comercio al por mayor y al por menor, reparación de vehículos de motor y motocicletas, transporte y almacenamiento, hostelería	2017	49.296.095
Total Nacional	13 Madrid, Comunidad de	G_I. Comercio al por mayor y al por menor, reparación de vehículos de motor y motocicletas, transporte y almacenamiento, hostelería	2016	47.228.582
Total Nacional	13 Madrid, Comunidad de	G_I. Comercio al por mayor y al por menor, reparación de vehículos de motor y motocicletas, transporte y almacenamiento, hostelería	2015	45.004.773
Total Nacional	13 Madrid, Comunidad de	G_I. Comercio al por mayor y al por menor, reparación de vehículos de motor y motocicletas, transporte y almacenamiento, hostelería	2014	41.603.575
Total Nacional	13 Madrid, Comunidad de	G_I. Comercio al por mayor y al por menor, reparación de vehículos de motor y motocicletas, transporte y almacenamiento, hostelería	2013	41.554.534
Total Nacional	13 Madrid, Comunidad de	G_I. Comercio al por mayor y al por menor, reparación de vehículos de motor y motocicletas, transporte y almacenamiento, hostelería	2012	42.556.243
Total Nacional	13 Madrid, Comunidad de	G_I. Comercio al por mayor y al por menor, reparación de vehículos de motor y motocicletas, transporte y almacenamiento, hostelería	2011	43.426.624
Total Nacional	13 Madrid, Comunidad de	G_I. Comercio al por mayor y al por menor, reparación de vehículos de motor y motocicletas, transporte y almacenamiento, hostelería	2010	42.182.471
Total Nacional	13 Madrid, Comunidad de	G_I. Comercio al por mayor y al por menor, reparación de vehículos de motor y motocicletas, transporte y almacenamiento, hostelería	2009	40.734.698
Total Nacional	13 Madrid, Comunidad de	G_I. Comercio al por mayor y al por menor, reparación de vehículos de motor y motocicletas, transporte y almacenamiento, hostelería	2008	41.005.918
Total Nacional	13 Madrid, Comunidad de	G_I. Comercio al por mayor y al por menor, reparación de vehículos de motor y motocicletas, transporte y almacenamiento, hostelería	2007	40.203.922
Total Nacional	13 Madrid, Comunidad de	G_I. Comercio al por mayor y al por menor, reparación de vehículos de motor y motocicletas, transporte y almacenamiento, hostelería	2006	38.093.554
Total Nacional	13 Madrid, Comunidad de	G_I. Comercio al por mayor y al por menor, reparación de vehículos de motor y motocicletas, transporte y almacenamiento, hostelería	2005	36.038.796
Total Nacional	13 Madrid, Comunidad de	G_I. Comercio al por mayor y al por menor, reparación de vehículos de motor y motocicletas, transporte y almacenamiento, hostelería	2004	34.601.466
Total Nacional	13 Madrid, Comunidad de	G_I. Comercio al por mayor y al por menor, reparación de vehículos de motor y motocicletas, transporte y almacenamiento, hostelería	2003	32.280.728
Total Nacional	13 Madrid, Comunidad de	G_I. Comercio al por mayor y al por menor, reparación de vehículos de motor y motocicletas, transporte y almacenamiento, hostelería	2002	30.646.996
Total Nacional	13 Madrid, Comunidad de	G_I. Comercio al por mayor y al por menor, reparación de vehículos de motor y motocicletas, transporte y almacenamiento, hostelería	2001	28.947.749
Total Nacional	13 Madrid, Comunidad de	G_I. Comercio al por mayor y al por menor, reparación de vehículos de motor y motocicletas, transporte y almacenamiento, hostelería	2000	26.591.646
Total Nacional	14 Murcia, Región de	G_I. Comercio al por mayor y al por menor, reparación de vehículos de motor y motocicletas, transporte y almacenamiento, hostelería	2023 (A)	8.731.169
Total Nacional	14 Murcia, Región de	G_I. Comercio al por mayor y al por menor, reparación de vehículos de motor y motocicletas, transporte y almacenamiento, hostelería	2022 (P)	8.090.421
Total Nacional	14 Murcia, Región de	G_I. Comercio al por mayor y al por menor, reparación de vehículos de motor y motocicletas, transporte y almacenamiento, hostelería	2021	7.050.579
Total Nacional	14 Murcia, Región de	G_I. Comercio al por mayor y al por menor, reparación de vehículos de motor y motocicletas, transporte y almacenamiento, hostelería	2020	6.184.319
Total Nacional	14 Murcia, Región de	G_I. Comercio al por mayor y al por menor, reparación de vehículos de motor y motocicletas, transporte y almacenamiento, hostelería	2019	7.186.802
Total Nacional	14 Murcia, Región de	G_I. Comercio al por mayor y al por menor, reparación de vehículos de motor y motocicletas, transporte y almacenamiento, hostelería	2018	6.907.346
Total Nacional	14 Murcia, Región de	G_I. Comercio al por mayor y al por menor, reparación de vehículos de motor y motocicletas, transporte y almacenamiento, hostelería	2017	6.709.746
Total Nacional	14 Murcia, Región de	G_I. Comercio al por mayor y al por menor, reparación de vehículos de motor y motocicletas, transporte y almacenamiento, hostelería	2016	6.425.940
Total Nacional	14 Murcia, Región de	G_I. Comercio al por mayor y al por menor, reparación de vehículos de motor y motocicletas, transporte y almacenamiento, hostelería	2015	6.250.271
Total Nacional	14 Murcia, Región de	G_I. Comercio al por mayor y al por menor, reparación de vehículos de motor y motocicletas, transporte y almacenamiento, hostelería	2014	5.842.148
Total Nacional	14 Murcia, Región de	G_I. Comercio al por mayor y al por menor, reparación de vehículos de motor y motocicletas, transporte y almacenamiento, hostelería	2013	5.764.475
Total Nacional	14 Murcia, Región de	G_I. Comercio al por mayor y al por menor, reparación de vehículos de motor y motocicletas, transporte y almacenamiento, hostelería	2012	5.757.573
Total Nacional	14 Murcia, Región de	G_I. Comercio al por mayor y al por menor, reparación de vehículos de motor y motocicletas, transporte y almacenamiento, hostelería	2011	5.806.141
Total Nacional	14 Murcia, Región de	G_I. Comercio al por mayor y al por menor, reparación de vehículos de motor y motocicletas, transporte y almacenamiento, hostelería	2010	5.765.428
Total Nacional	14 Murcia, Región de	G_I. Comercio al por mayor y al por menor, reparación de vehículos de motor y motocicletas, transporte y almacenamiento, hostelería	2009	5.829.974
Total Nacional	14 Murcia, Región de	G_I. Comercio al por mayor y al por menor, reparación de vehículos de motor y motocicletas, transporte y almacenamiento, hostelería	2008	5.915.329
Total Nacional	14 Murcia, Región de	G_I. Comercio al por mayor y al por menor, reparación de vehículos de motor y motocicletas, transporte y almacenamiento, hostelería	2007	5.466.573
Total Nacional	14 Murcia, Región de	G_I. Comercio al por mayor y al por menor, reparación de vehículos de motor y motocicletas, transporte y almacenamiento, hostelería	2006	5.039.741
Total Nacional	14 Murcia, Región de	G_I. Comercio al por mayor y al por menor, reparación de vehículos de motor y motocicletas, transporte y almacenamiento, hostelería	2005	4.703.855
Total Nacional	14 Murcia, Región de	G_I. Comercio al por mayor y al por menor, reparación de vehículos de motor y motocicletas, transporte y almacenamiento, hostelería	2004	4.396.427
Total Nacional	14 Murcia, Región de	G_I. Comercio al por mayor y al por menor, reparación de vehículos de motor y motocicletas, transporte y almacenamiento, hostelería	2003	4.088.937
Total Nacional	14 Murcia, Región de	G_I. Comercio al por mayor y al por menor, reparación de vehículos de motor y motocicletas, transporte y almacenamiento, hostelería	2002	3.754.548
Total Nacional	14 Murcia, Región de	G_I. Comercio al por mayor y al por menor, reparación de vehículos de motor y motocicletas, transporte y almacenamiento, hostelería	2001	3.510.693
Total Nacional	14 Murcia, Región de	G_I. Comercio al por mayor y al por menor, reparación de vehículos de motor y motocicletas, transporte y almacenamiento, hostelería	2000	3.114.530
Total Nacional	15 Navarra, Comunidad Foral de	G_I. Comercio al por mayor y al por menor, reparación de vehículos de motor y motocicletas, transporte y almacenamiento, hostelería	2023 (A)	4.550.395
Total Nacional	15 Navarra, Comunidad Foral de	G_I. Comercio al por mayor y al por menor, reparación de vehículos de motor y motocicletas, transporte y almacenamiento, hostelería	2022 (P)	4.159.702
Total Nacional	15 Navarra, Comunidad Foral de	G_I. Comercio al por mayor y al por menor, reparación de vehículos de motor y motocicletas, transporte y almacenamiento, hostelería	2021	3.574.528
Total Nacional	15 Navarra, Comunidad Foral de	G_I. Comercio al por mayor y al por menor, reparación de vehículos de motor y motocicletas, transporte y almacenamiento, hostelería	2020	3.026.965
Total Nacional	15 Navarra, Comunidad Foral de	G_I. Comercio al por mayor y al por menor, reparación de vehículos de motor y motocicletas, transporte y almacenamiento, hostelería	2019	3.850.075
Total Nacional	15 Navarra, Comunidad Foral de	G_I. Comercio al por mayor y al por menor, reparación de vehículos de motor y motocicletas, transporte y almacenamiento, hostelería	2018	3.704.629
Total Nacional	15 Navarra, Comunidad Foral de	G_I. Comercio al por mayor y al por menor, reparación de vehículos de motor y motocicletas, transporte y almacenamiento, hostelería	2017	3.586.013
Total Nacional	15 Navarra, Comunidad Foral de	G_I. Comercio al por mayor y al por menor, reparación de vehículos de motor y motocicletas, transporte y almacenamiento, hostelería	2016	3.480.643
Total Nacional	15 Navarra, Comunidad Foral de	G_I. Comercio al por mayor y al por menor, reparación de vehículos de motor y motocicletas, transporte y almacenamiento, hostelería	2015	3.242.058
Total Nacional	15 Navarra, Comunidad Foral de	G_I. Comercio al por mayor y al por menor, reparación de vehículos de motor y motocicletas, transporte y almacenamiento, hostelería	2014	3.014.977
Total Nacional	15 Navarra, Comunidad Foral de	G_I. Comercio al por mayor y al por menor, reparación de vehículos de motor y motocicletas, transporte y almacenamiento, hostelería	2013	2.964.624
Total Nacional	15 Navarra, Comunidad Foral de	G_I. Comercio al por mayor y al por menor, reparación de vehículos de motor y motocicletas, transporte y almacenamiento, hostelería	2012	2.998.620
Total Nacional	15 Navarra, Comunidad Foral de	G_I. Comercio al por mayor y al por menor, reparación de vehículos de motor y motocicletas, transporte y almacenamiento, hostelería	2011	3.071.655
Total Nacional	15 Navarra, Comunidad Foral de	G_I. Comercio al por mayor y al por menor, reparación de vehículos de motor y motocicletas, transporte y almacenamiento, hostelería	2010	3.067.460
Total Nacional	15 Navarra, Comunidad Foral de	G_I. Comercio al por mayor y al por menor, reparación de vehículos de motor y motocicletas, transporte y almacenamiento, hostelería	2009	3.062.790
Total Nacional	15 Navarra, Comunidad Foral de	G_I. Comercio al por mayor y al por menor, reparación de vehículos de motor y motocicletas, transporte y almacenamiento, hostelería	2008	3.046.536
Total Nacional	15 Navarra, Comunidad Foral de	G_I. Comercio al por mayor y al por menor, reparación de vehículos de motor y motocicletas, transporte y almacenamiento, hostelería	2007	2.874.564
Total Nacional	15 Navarra, Comunidad Foral de	G_I. Comercio al por mayor y al por menor, reparación de vehículos de motor y motocicletas, transporte y almacenamiento, hostelería	2006	2.686.292
Total Nacional	15 Navarra, Comunidad Foral de	G_I. Comercio al por mayor y al por menor, reparación de vehículos de motor y motocicletas, transporte y almacenamiento, hostelería	2005	2.547.868
Total Nacional	15 Navarra, Comunidad Foral de	G_I. Comercio al por mayor y al por menor, reparación de vehículos de motor y motocicletas, transporte y almacenamiento, hostelería	2004	2.458.926
Total Nacional	15 Navarra, Comunidad Foral de	G_I. Comercio al por mayor y al por menor, reparación de vehículos de motor y motocicletas, transporte y almacenamiento, hostelería	2003	2.325.090
Total Nacional	15 Navarra, Comunidad Foral de	G_I. Comercio al por mayor y al por menor, reparación de vehículos de motor y motocicletas, transporte y almacenamiento, hostelería	2002	2.261.804
Total Nacional	15 Navarra, Comunidad Foral de	G_I. Comercio al por mayor y al por menor, reparación de vehículos de motor y motocicletas, transporte y almacenamiento, hostelería	2001	2.123.595
Total Nacional	15 Navarra, Comunidad Foral de	G_I. Comercio al por mayor y al por menor, reparación de vehículos de motor y motocicletas, transporte y almacenamiento, hostelería	2000	1.976.214
Total Nacional	16 País Vasco	G_I. Comercio al por mayor y al por menor, reparación de vehículos de motor y motocicletas, transporte y almacenamiento, hostelería	2023 (A)	16.417.562
Total Nacional	16 País Vasco	G_I. Comercio al por mayor y al por menor, reparación de vehículos de motor y motocicletas, transporte y almacenamiento, hostelería	2022 (P)	14.903.965
Total Nacional	16 País Vasco	G_I. Comercio al por mayor y al por menor, reparación de vehículos de motor y motocicletas, transporte y almacenamiento, hostelería	2021	12.907.059
Total Nacional	16 País Vasco	G_I. Comercio al por mayor y al por menor, reparación de vehículos de motor y motocicletas, transporte y almacenamiento, hostelería	2020	11.108.674
Total Nacional	16 País Vasco	G_I. Comercio al por mayor y al por menor, reparación de vehículos de motor y motocicletas, transporte y almacenamiento, hostelería	2019	13.966.322
Total Nacional	16 País Vasco	G_I. Comercio al por mayor y al por menor, reparación de vehículos de motor y motocicletas, transporte y almacenamiento, hostelería	2018	13.526.695
Total Nacional	16 País Vasco	G_I. Comercio al por mayor y al por menor, reparación de vehículos de motor y motocicletas, transporte y almacenamiento, hostelería	2017	13.185.130
Total Nacional	16 País Vasco	G_I. Comercio al por mayor y al por menor, reparación de vehículos de motor y motocicletas, transporte y almacenamiento, hostelería	2016	12.690.063
Total Nacional	16 País Vasco	G_I. Comercio al por mayor y al por menor, reparación de vehículos de motor y motocicletas, transporte y almacenamiento, hostelería	2015	11.938.366
Total Nacional	16 País Vasco	G_I. Comercio al por mayor y al por menor, reparación de vehículos de motor y motocicletas, transporte y almacenamiento, hostelería	2014	11.465.544
Total Nacional	16 País Vasco	G_I. Comercio al por mayor y al por menor, reparación de vehículos de motor y motocicletas, transporte y almacenamiento, hostelería	2013	11.278.209
Total Nacional	16 País Vasco	G_I. Comercio al por mayor y al por menor, reparación de vehículos de motor y motocicletas, transporte y almacenamiento, hostelería	2012	11.671.017
Total Nacional	16 País Vasco	G_I. Comercio al por mayor y al por menor, reparación de vehículos de motor y motocicletas, transporte y almacenamiento, hostelería	2011	11.779.389
Total Nacional	16 País Vasco	G_I. Comercio al por mayor y al por menor, reparación de vehículos de motor y motocicletas, transporte y almacenamiento, hostelería	2010	11.908.026
Total Nacional	16 País Vasco	G_I. Comercio al por mayor y al por menor, reparación de vehículos de motor y motocicletas, transporte y almacenamiento, hostelería	2009	11.641.788
Total Nacional	16 País Vasco	G_I. Comercio al por mayor y al por menor, reparación de vehículos de motor y motocicletas, transporte y almacenamiento, hostelería	2008	12.042.853
Total Nacional	16 País Vasco	G_I. Comercio al por mayor y al por menor, reparación de vehículos de motor y motocicletas, transporte y almacenamiento, hostelería	2007	11.170.128
Total Nacional	16 País Vasco	G_I. Comercio al por mayor y al por menor, reparación de vehículos de motor y motocicletas, transporte y almacenamiento, hostelería	2006	10.494.656
Total Nacional	16 País Vasco	G_I. Comercio al por mayor y al por menor, reparación de vehículos de motor y motocicletas, transporte y almacenamiento, hostelería	2005	9.870.920
Total Nacional	16 País Vasco	G_I. Comercio al por mayor y al por menor, reparación de vehículos de motor y motocicletas, transporte y almacenamiento, hostelería	2004	9.498.088
Total Nacional	16 País Vasco	G_I. Comercio al por mayor y al por menor, reparación de vehículos de motor y motocicletas, transporte y almacenamiento, hostelería	2003	8.943.923
Total Nacional	16 País Vasco	G_I. Comercio al por mayor y al por menor, reparación de vehículos de motor y motocicletas, transporte y almacenamiento, hostelería	2002	8.602.879
Total Nacional	16 País Vasco	G_I. Comercio al por mayor y al por menor, reparación de vehículos de motor y motocicletas, transporte y almacenamiento, hostelería	2001	8.275.553
Total Nacional	16 País Vasco	G_I. Comercio al por mayor y al por menor, reparación de vehículos de motor y motocicletas, transporte y almacenamiento, hostelería	2000	7.781.861
Total Nacional	17 Rioja, La	G_I. Comercio al por mayor y al por menor, reparación de vehículos de motor y motocicletas, transporte y almacenamiento, hostelería	2023 (A)	1.895.263
Total Nacional	17 Rioja, La	G_I. Comercio al por mayor y al por menor, reparación de vehículos de motor y motocicletas, transporte y almacenamiento, hostelería	2022 (P)	1.717.774
Total Nacional	17 Rioja, La	G_I. Comercio al por mayor y al por menor, reparación de vehículos de motor y motocicletas, transporte y almacenamiento, hostelería	2021	1.485.354
Total Nacional	17 Rioja, La	G_I. Comercio al por mayor y al por menor, reparación de vehículos de motor y motocicletas, transporte y almacenamiento, hostelería	2020	1.275.266
Total Nacional	17 Rioja, La	G_I. Comercio al por mayor y al por menor, reparación de vehículos de motor y motocicletas, transporte y almacenamiento, hostelería	2019	1.584.974
Total Nacional	17 Rioja, La	G_I. Comercio al por mayor y al por menor, reparación de vehículos de motor y motocicletas, transporte y almacenamiento, hostelería	2018	1.532.471
Total Nacional	17 Rioja, La	G_I. Comercio al por mayor y al por menor, reparación de vehículos de motor y motocicletas, transporte y almacenamiento, hostelería	2017	1.479.719
Total Nacional	17 Rioja, La	G_I. Comercio al por mayor y al por menor, reparación de vehículos de motor y motocicletas, transporte y almacenamiento, hostelería	2016	1.437.178
Total Nacional	17 Rioja, La	G_I. Comercio al por mayor y al por menor, reparación de vehículos de motor y motocicletas, transporte y almacenamiento, hostelería	2015	1.394.853
Total Nacional	17 Rioja, La	G_I. Comercio al por mayor y al por menor, reparación de vehículos de motor y motocicletas, transporte y almacenamiento, hostelería	2014	1.344.897
Total Nacional	17 Rioja, La	G_I. Comercio al por mayor y al por menor, reparación de vehículos de motor y motocicletas, transporte y almacenamiento, hostelería	2013	1.337.420
Total Nacional	17 Rioja, La	G_I. Comercio al por mayor y al por menor, reparación de vehículos de motor y motocicletas, transporte y almacenamiento, hostelería	2012	1.356.831
Total Nacional	17 Rioja, La	G_I. Comercio al por mayor y al por menor, reparación de vehículos de motor y motocicletas, transporte y almacenamiento, hostelería	2011	1.399.287
Total Nacional	17 Rioja, La	G_I. Comercio al por mayor y al por menor, reparación de vehículos de motor y motocicletas, transporte y almacenamiento, hostelería	2010	1.403.169
Total Nacional	17 Rioja, La	G_I. Comercio al por mayor y al por menor, reparación de vehículos de motor y motocicletas, transporte y almacenamiento, hostelería	2009	1.387.315
Total Nacional	17 Rioja, La	G_I. Comercio al por mayor y al por menor, reparación de vehículos de motor y motocicletas, transporte y almacenamiento, hostelería	2008	1.436.338
Total Nacional	17 Rioja, La	G_I. Comercio al por mayor y al por menor, reparación de vehículos de motor y motocicletas, transporte y almacenamiento, hostelería	2007	1.308.231
Total Nacional	17 Rioja, La	G_I. Comercio al por mayor y al por menor, reparación de vehículos de motor y motocicletas, transporte y almacenamiento, hostelería	2006	1.196.485
Total Nacional	17 Rioja, La	G_I. Comercio al por mayor y al por menor, reparación de vehículos de motor y motocicletas, transporte y almacenamiento, hostelería	2005	1.107.104
Total Nacional	17 Rioja, La	G_I. Comercio al por mayor y al por menor, reparación de vehículos de motor y motocicletas, transporte y almacenamiento, hostelería	2004	1.046.572
Total Nacional	17 Rioja, La	G_I. Comercio al por mayor y al por menor, reparación de vehículos de motor y motocicletas, transporte y almacenamiento, hostelería	2003	974.083
Total Nacional	17 Rioja, La	G_I. Comercio al por mayor y al por menor, reparación de vehículos de motor y motocicletas, transporte y almacenamiento, hostelería	2002	887.132
Total Nacional	17 Rioja, La	G_I. Comercio al por mayor y al por menor, reparación de vehículos de motor y motocicletas, transporte y almacenamiento, hostelería	2001	837.054
Total Nacional	17 Rioja, La	G_I. Comercio al por mayor y al por menor, reparación de vehículos de motor y motocicletas, transporte y almacenamiento, hostelería	2000	769.573
Total Nacional	18 Ceuta	G_I. Comercio al por mayor y al por menor, reparación de vehículos de motor y motocicletas, transporte y almacenamiento, hostelería	2023 (A)	384.171
Total Nacional	18 Ceuta	G_I. Comercio al por mayor y al por menor, reparación de vehículos de motor y motocicletas, transporte y almacenamiento, hostelería	2022 (P)	354.956
Total Nacional	18 Ceuta	G_I. Comercio al por mayor y al por menor, reparación de vehículos de motor y motocicletas, transporte y almacenamiento, hostelería	2021	312.289
Total Nacional	18 Ceuta	G_I. Comercio al por mayor y al por menor, reparación de vehículos de motor y motocicletas, transporte y almacenamiento, hostelería	2020	272.098
Total Nacional	18 Ceuta	G_I. Comercio al por mayor y al por menor, reparación de vehículos de motor y motocicletas, transporte y almacenamiento, hostelería	2019	338.083
Total Nacional	18 Ceuta	G_I. Comercio al por mayor y al por menor, reparación de vehículos de motor y motocicletas, transporte y almacenamiento, hostelería	2018	333.160
Total Nacional	18 Ceuta	G_I. Comercio al por mayor y al por menor, reparación de vehículos de motor y motocicletas, transporte y almacenamiento, hostelería	2017	323.159
Total Nacional	18 Ceuta	G_I. Comercio al por mayor y al por menor, reparación de vehículos de motor y motocicletas, transporte y almacenamiento, hostelería	2016	313.390
Total Nacional	18 Ceuta	G_I. Comercio al por mayor y al por menor, reparación de vehículos de motor y motocicletas, transporte y almacenamiento, hostelería	2015	298.543
Total Nacional	18 Ceuta	G_I. Comercio al por mayor y al por menor, reparación de vehículos de motor y motocicletas, transporte y almacenamiento, hostelería	2014	280.152
Total Nacional	18 Ceuta	G_I. Comercio al por mayor y al por menor, reparación de vehículos de motor y motocicletas, transporte y almacenamiento, hostelería	2013	282.457
Total Nacional	18 Ceuta	G_I. Comercio al por mayor y al por menor, reparación de vehículos de motor y motocicletas, transporte y almacenamiento, hostelería	2012	290.154
Total Nacional	18 Ceuta	G_I. Comercio al por mayor y al por menor, reparación de vehículos de motor y motocicletas, transporte y almacenamiento, hostelería	2011	288.815
Total Nacional	18 Ceuta	G_I. Comercio al por mayor y al por menor, reparación de vehículos de motor y motocicletas, transporte y almacenamiento, hostelería	2010	300.701
Total Nacional	18 Ceuta	G_I. Comercio al por mayor y al por menor, reparación de vehículos de motor y motocicletas, transporte y almacenamiento, hostelería	2009	305.180
Total Nacional	18 Ceuta	G_I. Comercio al por mayor y al por menor, reparación de vehículos de motor y motocicletas, transporte y almacenamiento, hostelería	2008	309.544
Total Nacional	18 Ceuta	G_I. Comercio al por mayor y al por menor, reparación de vehículos de motor y motocicletas, transporte y almacenamiento, hostelería	2007	284.266
Total Nacional	18 Ceuta	G_I. Comercio al por mayor y al por menor, reparación de vehículos de motor y motocicletas, transporte y almacenamiento, hostelería	2006	255.123
Total Nacional	18 Ceuta	G_I. Comercio al por mayor y al por menor, reparación de vehículos de motor y motocicletas, transporte y almacenamiento, hostelería	2005	231.561
Total Nacional	18 Ceuta	G_I. Comercio al por mayor y al por menor, reparación de vehículos de motor y motocicletas, transporte y almacenamiento, hostelería	2004	217.897
Total Nacional	18 Ceuta	G_I. Comercio al por mayor y al por menor, reparación de vehículos de motor y motocicletas, transporte y almacenamiento, hostelería	2003	206.411
Total Nacional	18 Ceuta	G_I. Comercio al por mayor y al por menor, reparación de vehículos de motor y motocicletas, transporte y almacenamiento, hostelería	2002	198.379
Total Nacional	18 Ceuta	G_I. Comercio al por mayor y al por menor, reparación de vehículos de motor y motocicletas, transporte y almacenamiento, hostelería	2001	183.805
Total Nacional	18 Ceuta	G_I. Comercio al por mayor y al por menor, reparación de vehículos de motor y motocicletas, transporte y almacenamiento, hostelería	2000	172.639
Total Nacional	19 Melilla	G_I. Comercio al por mayor y al por menor, reparación de vehículos de motor y motocicletas, transporte y almacenamiento, hostelería	2023 (A)	326.282
Total Nacional	19 Melilla	G_I. Comercio al por mayor y al por menor, reparación de vehículos de motor y motocicletas, transporte y almacenamiento, hostelería	2022 (P)	299.850
Total Nacional	19 Melilla	G_I. Comercio al por mayor y al por menor, reparación de vehículos de motor y motocicletas, transporte y almacenamiento, hostelería	2021	264.941
Total Nacional	19 Melilla	G_I. Comercio al por mayor y al por menor, reparación de vehículos de motor y motocicletas, transporte y almacenamiento, hostelería	2020	230.703
Total Nacional	19 Melilla	G_I. Comercio al por mayor y al por menor, reparación de vehículos de motor y motocicletas, transporte y almacenamiento, hostelería	2019	290.997
Total Nacional	19 Melilla	G_I. Comercio al por mayor y al por menor, reparación de vehículos de motor y motocicletas, transporte y almacenamiento, hostelería	2018	284.102
Total Nacional	19 Melilla	G_I. Comercio al por mayor y al por menor, reparación de vehículos de motor y motocicletas, transporte y almacenamiento, hostelería	2017	275.397
Total Nacional	19 Melilla	G_I. Comercio al por mayor y al por menor, reparación de vehículos de motor y motocicletas, transporte y almacenamiento, hostelería	2016	268.495
Total Nacional	19 Melilla	G_I. Comercio al por mayor y al por menor, reparación de vehículos de motor y motocicletas, transporte y almacenamiento, hostelería	2015	256.556
Total Nacional	19 Melilla	G_I. Comercio al por mayor y al por menor, reparación de vehículos de motor y motocicletas, transporte y almacenamiento, hostelería	2014	239.517
Total Nacional	19 Melilla	G_I. Comercio al por mayor y al por menor, reparación de vehículos de motor y motocicletas, transporte y almacenamiento, hostelería	2013	240.506
Total Nacional	19 Melilla	G_I. Comercio al por mayor y al por menor, reparación de vehículos de motor y motocicletas, transporte y almacenamiento, hostelería	2012	245.449
Total Nacional	19 Melilla	G_I. Comercio al por mayor y al por menor, reparación de vehículos de motor y motocicletas, transporte y almacenamiento, hostelería	2011	246.490
Total Nacional	19 Melilla	G_I. Comercio al por mayor y al por menor, reparación de vehículos de motor y motocicletas, transporte y almacenamiento, hostelería	2010	244.362
Total Nacional	19 Melilla	G_I. Comercio al por mayor y al por menor, reparación de vehículos de motor y motocicletas, transporte y almacenamiento, hostelería	2009	244.662
Total Nacional	19 Melilla	G_I. Comercio al por mayor y al por menor, reparación de vehículos de motor y motocicletas, transporte y almacenamiento, hostelería	2008	250.143
Total Nacional	19 Melilla	G_I. Comercio al por mayor y al por menor, reparación de vehículos de motor y motocicletas, transporte y almacenamiento, hostelería	2007	232.391
Total Nacional	19 Melilla	G_I. Comercio al por mayor y al por menor, reparación de vehículos de motor y motocicletas, transporte y almacenamiento, hostelería	2006	218.974
Total Nacional	19 Melilla	G_I. Comercio al por mayor y al por menor, reparación de vehículos de motor y motocicletas, transporte y almacenamiento, hostelería	2005	205.886
Total Nacional	19 Melilla	G_I. Comercio al por mayor y al por menor, reparación de vehículos de motor y motocicletas, transporte y almacenamiento, hostelería	2004	196.308
Total Nacional	19 Melilla	G_I. Comercio al por mayor y al por menor, reparación de vehículos de motor y motocicletas, transporte y almacenamiento, hostelería	2003	187.136
Total Nacional	19 Melilla	G_I. Comercio al por mayor y al por menor, reparación de vehículos de motor y motocicletas, transporte y almacenamiento, hostelería	2002	179.186
Total Nacional	19 Melilla	G_I. Comercio al por mayor y al por menor, reparación de vehículos de motor y motocicletas, transporte y almacenamiento, hostelería	2001	170.444
Total Nacional	19 Melilla	G_I. Comercio al por mayor y al por menor, reparación de vehículos de motor y motocicletas, transporte y almacenamiento, hostelería	2000	158.789
