Tipo de dato	Agregados macroeconómicos: Nivel 1	Agregados macroeconómicos: Nivel 2	Niveles y tasas	Periodo	Total
Datos ajustados de estacionalidad y calendario	VABpb Agricultura, ganadería, silvicultura y pesca (A, CNAE 2009)		Dato base	2025T3	11.928
Datos ajustados de estacionalidad y calendario	VABpb Agricultura, ganadería, silvicultura y pesca (A, CNAE 2009)		Dato base	2025T2	11.317
Datos ajustados de estacionalidad y calendario	VABpb Agricultura, ganadería, silvicultura y pesca (A, CNAE 2009)		Dato base	2025T1	11.145
Datos ajustados de estacionalidad y calendario	VABpb Agricultura, ganadería, silvicultura y pesca (A, CNAE 2009)		Dato base	2024T4	10.768
Datos ajustados de estacionalidad y calendario	VABpb Agricultura, ganadería, silvicultura y pesca (A, CNAE 2009)		Dato base	2024T3	11.105
Datos ajustados de estacionalidad y calendario	VABpb Agricultura, ganadería, silvicultura y pesca (A, CNAE 2009)		Dato base	2024T2	10.984
Datos ajustados de estacionalidad y calendario	VABpb Agricultura, ganadería, silvicultura y pesca (A, CNAE 2009)		Dato base	2024T1	11.035
Datos ajustados de estacionalidad y calendario	VABpb Agricultura, ganadería, silvicultura y pesca (A, CNAE 2009)		Dato base	2023T4	10.357
Datos ajustados de estacionalidad y calendario	VABpb Agricultura, ganadería, silvicultura y pesca (A, CNAE 2009)		Dato base	2023T3	9.694
Datos ajustados de estacionalidad y calendario	VABpb Agricultura, ganadería, silvicultura y pesca (A, CNAE 2009)		Dato base	2023T2	9.632
Datos ajustados de estacionalidad y calendario	VABpb Agricultura, ganadería, silvicultura y pesca (A, CNAE 2009)		Dato base	2023T1	9.352
Datos ajustados de estacionalidad y calendario	VABpb Agricultura, ganadería, silvicultura y pesca (A, CNAE 2009)		Dato base	2022T4	8.954
Datos ajustados de estacionalidad y calendario	VABpb Agricultura, ganadería, silvicultura y pesca (A, CNAE 2009)		Dato base	2022T3	8.159
Datos ajustados de estacionalidad y calendario	VABpb Agricultura, ganadería, silvicultura y pesca (A, CNAE 2009)		Dato base	2022T2	7.813
Datos ajustados de estacionalidad y calendario	VABpb Agricultura, ganadería, silvicultura y pesca (A, CNAE 2009)		Dato base	2022T1	7.677
Datos ajustados de estacionalidad y calendario	VABpb Agricultura, ganadería, silvicultura y pesca (A, CNAE 2009)		Dato base	2021T4	8.782
Datos ajustados de estacionalidad y calendario	VABpb Agricultura, ganadería, silvicultura y pesca (A, CNAE 2009)		Dato base	2021T3	8.891
Datos ajustados de estacionalidad y calendario	VABpb Agricultura, ganadería, silvicultura y pesca (A, CNAE 2009)		Dato base	2021T2	8.285
Datos ajustados de estacionalidad y calendario	VABpb Agricultura, ganadería, silvicultura y pesca (A, CNAE 2009)		Dato base	2021T1	8.243
Datos ajustados de estacionalidad y calendario	VABpb Agricultura, ganadería, silvicultura y pesca (A, CNAE 2009)		Dato base	2020T4	7.836
Datos ajustados de estacionalidad y calendario	VABpb Agricultura, ganadería, silvicultura y pesca (A, CNAE 2009)		Dato base	2020T3	7.733
Datos ajustados de estacionalidad y calendario	VABpb Agricultura, ganadería, silvicultura y pesca (A, CNAE 2009)		Dato base	2020T2	8.396
Datos ajustados de estacionalidad y calendario	VABpb Agricultura, ganadería, silvicultura y pesca (A, CNAE 2009)		Dato base	2020T1	7.480
Datos ajustados de estacionalidad y calendario	VABpb Agricultura, ganadería, silvicultura y pesca (A, CNAE 2009)		Dato base	2019T4	7.964
Datos ajustados de estacionalidad y calendario	VABpb Agricultura, ganadería, silvicultura y pesca (A, CNAE 2009)		Dato base	2019T3	8.143
Datos ajustados de estacionalidad y calendario	VABpb Agricultura, ganadería, silvicultura y pesca (A, CNAE 2009)		Dato base	2019T2	7.673
Datos ajustados de estacionalidad y calendario	VABpb Agricultura, ganadería, silvicultura y pesca (A, CNAE 2009)		Dato base	2019T1	7.811
Datos ajustados de estacionalidad y calendario	VABpb Agricultura, ganadería, silvicultura y pesca (A, CNAE 2009)		Dato base	2018T4	8.187
Datos ajustados de estacionalidad y calendario	VABpb Agricultura, ganadería, silvicultura y pesca (A, CNAE 2009)		Dato base	2018T3	7.830
Datos ajustados de estacionalidad y calendario	VABpb Agricultura, ganadería, silvicultura y pesca (A, CNAE 2009)		Dato base	2018T2	8.348
Datos ajustados de estacionalidad y calendario	VABpb Agricultura, ganadería, silvicultura y pesca (A, CNAE 2009)		Dato base	2018T1	8.382
Datos ajustados de estacionalidad y calendario	VABpb Agricultura, ganadería, silvicultura y pesca (A, CNAE 2009)		Dato base	2017T4	8.436
Datos ajustados de estacionalidad y calendario	VABpb Agricultura, ganadería, silvicultura y pesca (A, CNAE 2009)		Dato base	2017T3	8.257
Datos ajustados de estacionalidad y calendario	VABpb Agricultura, ganadería, silvicultura y pesca (A, CNAE 2009)		Dato base	2017T2	7.988
Datos ajustados de estacionalidad y calendario	VABpb Agricultura, ganadería, silvicultura y pesca (A, CNAE 2009)		Dato base	2017T1	8.120
Datos ajustados de estacionalidad y calendario	VABpb Agricultura, ganadería, silvicultura y pesca (A, CNAE 2009)		Dato base	2016T4	7.831
Datos ajustados de estacionalidad y calendario	VABpb Agricultura, ganadería, silvicultura y pesca (A, CNAE 2009)		Dato base	2016T3	8.012
Datos ajustados de estacionalidad y calendario	VABpb Agricultura, ganadería, silvicultura y pesca (A, CNAE 2009)		Dato base	2016T2	7.888
Datos ajustados de estacionalidad y calendario	VABpb Agricultura, ganadería, silvicultura y pesca (A, CNAE 2009)		Dato base	2016T1	7.883
Datos ajustados de estacionalidad y calendario	VABpb Agricultura, ganadería, silvicultura y pesca (A, CNAE 2009)		Dato base	2015T4	7.813
Datos ajustados de estacionalidad y calendario	VABpb Agricultura, ganadería, silvicultura y pesca (A, CNAE 2009)		Dato base	2015T3	7.530
Datos ajustados de estacionalidad y calendario	VABpb Agricultura, ganadería, silvicultura y pesca (A, CNAE 2009)		Dato base	2015T2	7.206
Datos ajustados de estacionalidad y calendario	VABpb Agricultura, ganadería, silvicultura y pesca (A, CNAE 2009)		Dato base	2015T1	7.056
Datos ajustados de estacionalidad y calendario	VABpb Industria (B-E, CNAE 2009)		Dato base	2025T3	59.316
Datos ajustados de estacionalidad y calendario	VABpb Industria (B-E, CNAE 2009)		Dato base	2025T2	58.571
Datos ajustados de estacionalidad y calendario	VABpb Industria (B-E, CNAE 2009)		Dato base	2025T1	60.013
Datos ajustados de estacionalidad y calendario	VABpb Industria (B-E, CNAE 2009)		Dato base	2024T4	59.703
Datos ajustados de estacionalidad y calendario	VABpb Industria (B-E, CNAE 2009)		Dato base	2024T3	56.351
Datos ajustados de estacionalidad y calendario	VABpb Industria (B-E, CNAE 2009)		Dato base	2024T2	55.045
Datos ajustados de estacionalidad y calendario	VABpb Industria (B-E, CNAE 2009)		Dato base	2024T1	56.215
Datos ajustados de estacionalidad y calendario	VABpb Industria (B-E, CNAE 2009)		Dato base	2023T4	55.508
Datos ajustados de estacionalidad y calendario	VABpb Industria (B-E, CNAE 2009)		Dato base	2023T3	53.398
Datos ajustados de estacionalidad y calendario	VABpb Industria (B-E, CNAE 2009)		Dato base	2023T2	53.653
Datos ajustados de estacionalidad y calendario	VABpb Industria (B-E, CNAE 2009)		Dato base	2023T1	57.538
Datos ajustados de estacionalidad y calendario	VABpb Industria (B-E, CNAE 2009)		Dato base	2022T4	58.267
Datos ajustados de estacionalidad y calendario	VABpb Industria (B-E, CNAE 2009)		Dato base	2022T3	54.991
Datos ajustados de estacionalidad y calendario	VABpb Industria (B-E, CNAE 2009)		Dato base	2022T2	52.904
Datos ajustados de estacionalidad y calendario	VABpb Industria (B-E, CNAE 2009)		Dato base	2022T1	52.779
Datos ajustados de estacionalidad y calendario	VABpb Industria (B-E, CNAE 2009)		Dato base	2021T4	49.624
Datos ajustados de estacionalidad y calendario	VABpb Industria (B-E, CNAE 2009)		Dato base	2021T3	45.852
Datos ajustados de estacionalidad y calendario	VABpb Industria (B-E, CNAE 2009)		Dato base	2021T2	44.738
Datos ajustados de estacionalidad y calendario	VABpb Industria (B-E, CNAE 2009)		Dato base	2021T1	45.248
Datos ajustados de estacionalidad y calendario	VABpb Industria (B-E, CNAE 2009)		Dato base	2020T4	44.122
Datos ajustados de estacionalidad y calendario	VABpb Industria (B-E, CNAE 2009)		Dato base	2020T3	43.521
Datos ajustados de estacionalidad y calendario	VABpb Industria (B-E, CNAE 2009)		Dato base	2020T2	35.125
Datos ajustados de estacionalidad y calendario	VABpb Industria (B-E, CNAE 2009)		Dato base	2020T1	40.723
Datos ajustados de estacionalidad y calendario	VABpb Industria (B-E, CNAE 2009)		Dato base	2019T4	44.614
Datos ajustados de estacionalidad y calendario	VABpb Industria (B-E, CNAE 2009)		Dato base	2019T3	44.336
Datos ajustados de estacionalidad y calendario	VABpb Industria (B-E, CNAE 2009)		Dato base	2019T2	44.088
Datos ajustados de estacionalidad y calendario	VABpb Industria (B-E, CNAE 2009)		Dato base	2019T1	43.653
Datos ajustados de estacionalidad y calendario	VABpb Industria (B-E, CNAE 2009)		Dato base	2018T4	43.356
Datos ajustados de estacionalidad y calendario	VABpb Industria (B-E, CNAE 2009)		Dato base	2018T3	43.284
Datos ajustados de estacionalidad y calendario	VABpb Industria (B-E, CNAE 2009)		Dato base	2018T2	42.863
Datos ajustados de estacionalidad y calendario	VABpb Industria (B-E, CNAE 2009)		Dato base	2018T1	42.639
Datos ajustados de estacionalidad y calendario	VABpb Industria (B-E, CNAE 2009)		Dato base	2017T4	43.608
Datos ajustados de estacionalidad y calendario	VABpb Industria (B-E, CNAE 2009)		Dato base	2017T3	41.788
Datos ajustados de estacionalidad y calendario	VABpb Industria (B-E, CNAE 2009)		Dato base	2017T2	41.676
Datos ajustados de estacionalidad y calendario	VABpb Industria (B-E, CNAE 2009)		Dato base	2017T1	41.585
Datos ajustados de estacionalidad y calendario	VABpb Industria (B-E, CNAE 2009)		Dato base	2016T4	40.569
Datos ajustados de estacionalidad y calendario	VABpb Industria (B-E, CNAE 2009)		Dato base	2016T3	40.334
Datos ajustados de estacionalidad y calendario	VABpb Industria (B-E, CNAE 2009)		Dato base	2016T2	39.784
Datos ajustados de estacionalidad y calendario	VABpb Industria (B-E, CNAE 2009)		Dato base	2016T1	39.846
Datos ajustados de estacionalidad y calendario	VABpb Industria (B-E, CNAE 2009)		Dato base	2015T4	39.578
Datos ajustados de estacionalidad y calendario	VABpb Industria (B-E, CNAE 2009)		Dato base	2015T3	39.386
Datos ajustados de estacionalidad y calendario	VABpb Industria (B-E, CNAE 2009)		Dato base	2015T2	39.504
Datos ajustados de estacionalidad y calendario	VABpb Industria (B-E, CNAE 2009)		Dato base	2015T1	39.194
Datos ajustados de estacionalidad y calendario	VABpb Industria (B-E, CNAE 2009)	VABpb Industria. Industria manufacturera (C, CNAE 2009)	Dato base	2025T3	45.006
Datos ajustados de estacionalidad y calendario	VABpb Industria (B-E, CNAE 2009)	VABpb Industria. Industria manufacturera (C, CNAE 2009)	Dato base	2025T2	44.503
Datos ajustados de estacionalidad y calendario	VABpb Industria (B-E, CNAE 2009)	VABpb Industria. Industria manufacturera (C, CNAE 2009)	Dato base	2025T1	44.289
Datos ajustados de estacionalidad y calendario	VABpb Industria (B-E, CNAE 2009)	VABpb Industria. Industria manufacturera (C, CNAE 2009)	Dato base	2024T4	43.334
Datos ajustados de estacionalidad y calendario	VABpb Industria (B-E, CNAE 2009)	VABpb Industria. Industria manufacturera (C, CNAE 2009)	Dato base	2024T3	42.835
Datos ajustados de estacionalidad y calendario	VABpb Industria (B-E, CNAE 2009)	VABpb Industria. Industria manufacturera (C, CNAE 2009)	Dato base	2024T2	43.316
Datos ajustados de estacionalidad y calendario	VABpb Industria (B-E, CNAE 2009)	VABpb Industria. Industria manufacturera (C, CNAE 2009)	Dato base	2024T1	43.411
Datos ajustados de estacionalidad y calendario	VABpb Industria (B-E, CNAE 2009)	VABpb Industria. Industria manufacturera (C, CNAE 2009)	Dato base	2023T4	40.804
Datos ajustados de estacionalidad y calendario	VABpb Industria (B-E, CNAE 2009)	VABpb Industria. Industria manufacturera (C, CNAE 2009)	Dato base	2023T3	41.078
Datos ajustados de estacionalidad y calendario	VABpb Industria (B-E, CNAE 2009)	VABpb Industria. Industria manufacturera (C, CNAE 2009)	Dato base	2023T2	40.405
Datos ajustados de estacionalidad y calendario	VABpb Industria (B-E, CNAE 2009)	VABpb Industria. Industria manufacturera (C, CNAE 2009)	Dato base	2023T1	41.733
Datos ajustados de estacionalidad y calendario	VABpb Industria (B-E, CNAE 2009)	VABpb Industria. Industria manufacturera (C, CNAE 2009)	Dato base	2022T4	39.571
Datos ajustados de estacionalidad y calendario	VABpb Industria (B-E, CNAE 2009)	VABpb Industria. Industria manufacturera (C, CNAE 2009)	Dato base	2022T3	38.373
Datos ajustados de estacionalidad y calendario	VABpb Industria (B-E, CNAE 2009)	VABpb Industria. Industria manufacturera (C, CNAE 2009)	Dato base	2022T2	37.333
Datos ajustados de estacionalidad y calendario	VABpb Industria (B-E, CNAE 2009)	VABpb Industria. Industria manufacturera (C, CNAE 2009)	Dato base	2022T1	36.453
Datos ajustados de estacionalidad y calendario	VABpb Industria (B-E, CNAE 2009)	VABpb Industria. Industria manufacturera (C, CNAE 2009)	Dato base	2021T4	35.553
Datos ajustados de estacionalidad y calendario	VABpb Industria (B-E, CNAE 2009)	VABpb Industria. Industria manufacturera (C, CNAE 2009)	Dato base	2021T3	35.257
Datos ajustados de estacionalidad y calendario	VABpb Industria (B-E, CNAE 2009)	VABpb Industria. Industria manufacturera (C, CNAE 2009)	Dato base	2021T2	33.843
Datos ajustados de estacionalidad y calendario	VABpb Industria (B-E, CNAE 2009)	VABpb Industria. Industria manufacturera (C, CNAE 2009)	Dato base	2021T1	34.413
Datos ajustados de estacionalidad y calendario	VABpb Industria (B-E, CNAE 2009)	VABpb Industria. Industria manufacturera (C, CNAE 2009)	Dato base	2020T4	33.593
Datos ajustados de estacionalidad y calendario	VABpb Industria (B-E, CNAE 2009)	VABpb Industria. Industria manufacturera (C, CNAE 2009)	Dato base	2020T3	32.758
Datos ajustados de estacionalidad y calendario	VABpb Industria (B-E, CNAE 2009)	VABpb Industria. Industria manufacturera (C, CNAE 2009)	Dato base	2020T2	25.204
Datos ajustados de estacionalidad y calendario	VABpb Industria (B-E, CNAE 2009)	VABpb Industria. Industria manufacturera (C, CNAE 2009)	Dato base	2020T1	31.001
Datos ajustados de estacionalidad y calendario	VABpb Industria (B-E, CNAE 2009)	VABpb Industria. Industria manufacturera (C, CNAE 2009)	Dato base	2019T4	34.161
Datos ajustados de estacionalidad y calendario	VABpb Industria (B-E, CNAE 2009)	VABpb Industria. Industria manufacturera (C, CNAE 2009)	Dato base	2019T3	33.575
Datos ajustados de estacionalidad y calendario	VABpb Industria (B-E, CNAE 2009)	VABpb Industria. Industria manufacturera (C, CNAE 2009)	Dato base	2019T2	33.267
Datos ajustados de estacionalidad y calendario	VABpb Industria (B-E, CNAE 2009)	VABpb Industria. Industria manufacturera (C, CNAE 2009)	Dato base	2019T1	33.103
Datos ajustados de estacionalidad y calendario	VABpb Industria (B-E, CNAE 2009)	VABpb Industria. Industria manufacturera (C, CNAE 2009)	Dato base	2018T4	32.779
Datos ajustados de estacionalidad y calendario	VABpb Industria (B-E, CNAE 2009)	VABpb Industria. Industria manufacturera (C, CNAE 2009)	Dato base	2018T3	32.662
Datos ajustados de estacionalidad y calendario	VABpb Industria (B-E, CNAE 2009)	VABpb Industria. Industria manufacturera (C, CNAE 2009)	Dato base	2018T2	32.768
Datos ajustados de estacionalidad y calendario	VABpb Industria (B-E, CNAE 2009)	VABpb Industria. Industria manufacturera (C, CNAE 2009)	Dato base	2018T1	32.579
Datos ajustados de estacionalidad y calendario	VABpb Industria (B-E, CNAE 2009)	VABpb Industria. Industria manufacturera (C, CNAE 2009)	Dato base	2017T4	33.569
Datos ajustados de estacionalidad y calendario	VABpb Industria (B-E, CNAE 2009)	VABpb Industria. Industria manufacturera (C, CNAE 2009)	Dato base	2017T3	32.412
Datos ajustados de estacionalidad y calendario	VABpb Industria (B-E, CNAE 2009)	VABpb Industria. Industria manufacturera (C, CNAE 2009)	Dato base	2017T2	32.150
Datos ajustados de estacionalidad y calendario	VABpb Industria (B-E, CNAE 2009)	VABpb Industria. Industria manufacturera (C, CNAE 2009)	Dato base	2017T1	31.912
Datos ajustados de estacionalidad y calendario	VABpb Industria (B-E, CNAE 2009)	VABpb Industria. Industria manufacturera (C, CNAE 2009)	Dato base	2016T4	31.099
Datos ajustados de estacionalidad y calendario	VABpb Industria (B-E, CNAE 2009)	VABpb Industria. Industria manufacturera (C, CNAE 2009)	Dato base	2016T3	30.841
Datos ajustados de estacionalidad y calendario	VABpb Industria (B-E, CNAE 2009)	VABpb Industria. Industria manufacturera (C, CNAE 2009)	Dato base	2016T2	30.526
Datos ajustados de estacionalidad y calendario	VABpb Industria (B-E, CNAE 2009)	VABpb Industria. Industria manufacturera (C, CNAE 2009)	Dato base	2016T1	30.530
Datos ajustados de estacionalidad y calendario	VABpb Industria (B-E, CNAE 2009)	VABpb Industria. Industria manufacturera (C, CNAE 2009)	Dato base	2015T4	30.294
Datos ajustados de estacionalidad y calendario	VABpb Industria (B-E, CNAE 2009)	VABpb Industria. Industria manufacturera (C, CNAE 2009)	Dato base	2015T3	30.016
Datos ajustados de estacionalidad y calendario	VABpb Industria (B-E, CNAE 2009)	VABpb Industria. Industria manufacturera (C, CNAE 2009)	Dato base	2015T2	29.830
Datos ajustados de estacionalidad y calendario	VABpb Industria (B-E, CNAE 2009)	VABpb Industria. Industria manufacturera (C, CNAE 2009)	Dato base	2015T1	29.592
Datos ajustados de estacionalidad y calendario	VABpb Construcción (F, CNAE 2009)		Dato base	2025T3	22.558
Datos ajustados de estacionalidad y calendario	VABpb Construcción (F, CNAE 2009)		Dato base	2025T2	22.255
Datos ajustados de estacionalidad y calendario	VABpb Construcción (F, CNAE 2009)		Dato base	2025T1	21.247
Datos ajustados de estacionalidad y calendario	VABpb Construcción (F, CNAE 2009)		Dato base	2024T4	20.769
Datos ajustados de estacionalidad y calendario	VABpb Construcción (F, CNAE 2009)		Dato base	2024T3	20.713
Datos ajustados de estacionalidad y calendario	VABpb Construcción (F, CNAE 2009)		Dato base	2024T2	21.062
Datos ajustados de estacionalidad y calendario	VABpb Construcción (F, CNAE 2009)		Dato base	2024T1	20.299
Datos ajustados de estacionalidad y calendario	VABpb Construcción (F, CNAE 2009)		Dato base	2023T4	19.862
Datos ajustados de estacionalidad y calendario	VABpb Construcción (F, CNAE 2009)		Dato base	2023T3	19.909
Datos ajustados de estacionalidad y calendario	VABpb Construcción (F, CNAE 2009)		Dato base	2023T2	19.964
Datos ajustados de estacionalidad y calendario	VABpb Construcción (F, CNAE 2009)		Dato base	2023T1	19.084
Datos ajustados de estacionalidad y calendario	VABpb Construcción (F, CNAE 2009)		Dato base	2022T4	18.798
Datos ajustados de estacionalidad y calendario	VABpb Construcción (F, CNAE 2009)		Dato base	2022T3	18.756
Datos ajustados de estacionalidad y calendario	VABpb Construcción (F, CNAE 2009)		Dato base	2022T2	18.211
Datos ajustados de estacionalidad y calendario	VABpb Construcción (F, CNAE 2009)		Dato base	2022T1	17.300
Datos ajustados de estacionalidad y calendario	VABpb Construcción (F, CNAE 2009)		Dato base	2021T4	16.703
Datos ajustados de estacionalidad y calendario	VABpb Construcción (F, CNAE 2009)		Dato base	2021T3	16.446
Datos ajustados de estacionalidad y calendario	VABpb Construcción (F, CNAE 2009)		Dato base	2021T2	16.487
Datos ajustados de estacionalidad y calendario	VABpb Construcción (F, CNAE 2009)		Dato base	2021T1	15.908
Datos ajustados de estacionalidad y calendario	VABpb Construcción (F, CNAE 2009)		Dato base	2020T4	16.504
Datos ajustados de estacionalidad y calendario	VABpb Construcción (F, CNAE 2009)		Dato base	2020T3	16.635
Datos ajustados de estacionalidad y calendario	VABpb Construcción (F, CNAE 2009)		Dato base	2020T2	13.993
Datos ajustados de estacionalidad y calendario	VABpb Construcción (F, CNAE 2009)		Dato base	2020T1	16.568
Datos ajustados de estacionalidad y calendario	VABpb Construcción (F, CNAE 2009)		Dato base	2019T4	18.822
Datos ajustados de estacionalidad y calendario	VABpb Construcción (F, CNAE 2009)		Dato base	2019T3	18.511
Datos ajustados de estacionalidad y calendario	VABpb Construcción (F, CNAE 2009)		Dato base	2019T2	18.370
Datos ajustados de estacionalidad y calendario	VABpb Construcción (F, CNAE 2009)		Dato base	2019T1	18.071
Datos ajustados de estacionalidad y calendario	VABpb Construcción (F, CNAE 2009)		Dato base	2018T4	17.355
Datos ajustados de estacionalidad y calendario	VABpb Construcción (F, CNAE 2009)		Dato base	2018T3	16.962
Datos ajustados de estacionalidad y calendario	VABpb Construcción (F, CNAE 2009)		Dato base	2018T2	16.526
Datos ajustados de estacionalidad y calendario	VABpb Construcción (F, CNAE 2009)		Dato base	2018T1	16.301
Datos ajustados de estacionalidad y calendario	VABpb Construcción (F, CNAE 2009)		Dato base	2017T4	16.333
Datos ajustados de estacionalidad y calendario	VABpb Construcción (F, CNAE 2009)		Dato base	2017T3	16.096
Datos ajustados de estacionalidad y calendario	VABpb Construcción (F, CNAE 2009)		Dato base	2017T2	16.026
Datos ajustados de estacionalidad y calendario	VABpb Construcción (F, CNAE 2009)		Dato base	2017T1	15.778
Datos ajustados de estacionalidad y calendario	VABpb Construcción (F, CNAE 2009)		Dato base	2016T4	15.554
Datos ajustados de estacionalidad y calendario	VABpb Construcción (F, CNAE 2009)		Dato base	2016T3	15.564
Datos ajustados de estacionalidad y calendario	VABpb Construcción (F, CNAE 2009)		Dato base	2016T2	15.327
Datos ajustados de estacionalidad y calendario	VABpb Construcción (F, CNAE 2009)		Dato base	2016T1	15.299
Datos ajustados de estacionalidad y calendario	VABpb Construcción (F, CNAE 2009)		Dato base	2015T4	15.034
Datos ajustados de estacionalidad y calendario	VABpb Construcción (F, CNAE 2009)		Dato base	2015T3	14.803
Datos ajustados de estacionalidad y calendario	VABpb Construcción (F, CNAE 2009)		Dato base	2015T2	14.640
Datos ajustados de estacionalidad y calendario	VABpb Construcción (F, CNAE 2009)		Dato base	2015T1	14.447
Datos ajustados de estacionalidad y calendario	VABpb Servicios (G-T, CNAE 2009)		Dato base	2025T3	290.355
Datos ajustados de estacionalidad y calendario	VABpb Servicios (G-T, CNAE 2009)		Dato base	2025T2	286.759
Datos ajustados de estacionalidad y calendario	VABpb Servicios (G-T, CNAE 2009)		Dato base	2025T1	282.138
Datos ajustados de estacionalidad y calendario	VABpb Servicios (G-T, CNAE 2009)		Dato base	2024T4	279.693
Datos ajustados de estacionalidad y calendario	VABpb Servicios (G-T, CNAE 2009)		Dato base	2024T3	276.301
Datos ajustados de estacionalidad y calendario	VABpb Servicios (G-T, CNAE 2009)		Dato base	2024T2	272.732
Datos ajustados de estacionalidad y calendario	VABpb Servicios (G-T, CNAE 2009)		Dato base	2024T1	269.808
Datos ajustados de estacionalidad y calendario	VABpb Servicios (G-T, CNAE 2009)		Dato base	2023T4	267.773
Datos ajustados de estacionalidad y calendario	VABpb Servicios (G-T, CNAE 2009)		Dato base	2023T3	258.158
Datos ajustados de estacionalidad y calendario	VABpb Servicios (G-T, CNAE 2009)		Dato base	2023T2	252.434
Datos ajustados de estacionalidad y calendario	VABpb Servicios (G-T, CNAE 2009)		Dato base	2023T1	250.435
Datos ajustados de estacionalidad y calendario	VABpb Servicios (G-T, CNAE 2009)		Dato base	2022T4	247.899
Datos ajustados de estacionalidad y calendario	VABpb Servicios (G-T, CNAE 2009)		Dato base	2022T3	232.147
Datos ajustados de estacionalidad y calendario	VABpb Servicios (G-T, CNAE 2009)		Dato base	2022T2	227.788
Datos ajustados de estacionalidad y calendario	VABpb Servicios (G-T, CNAE 2009)		Dato base	2022T1	222.272
Datos ajustados de estacionalidad y calendario	VABpb Servicios (G-T, CNAE 2009)		Dato base	2021T4	218.408
Datos ajustados de estacionalidad y calendario	VABpb Servicios (G-T, CNAE 2009)		Dato base	2021T3	209.140
Datos ajustados de estacionalidad y calendario	VABpb Servicios (G-T, CNAE 2009)		Dato base	2021T2	203.891
Datos ajustados de estacionalidad y calendario	VABpb Servicios (G-T, CNAE 2009)		Dato base	2021T1	201.949
Datos ajustados de estacionalidad y calendario	VABpb Servicios (G-T, CNAE 2009)		Dato base	2020T4	197.976
Datos ajustados de estacionalidad y calendario	VABpb Servicios (G-T, CNAE 2009)		Dato base	2020T3	193.959
Datos ajustados de estacionalidad y calendario	VABpb Servicios (G-T, CNAE 2009)		Dato base	2020T2	171.290
Datos ajustados de estacionalidad y calendario	VABpb Servicios (G-T, CNAE 2009)		Dato base	2020T1	209.103
Datos ajustados de estacionalidad y calendario	VABpb Servicios (G-T, CNAE 2009)		Dato base	2019T4	217.439
Datos ajustados de estacionalidad y calendario	VABpb Servicios (G-T, CNAE 2009)		Dato base	2019T3	212.940
Datos ajustados de estacionalidad y calendario	VABpb Servicios (G-T, CNAE 2009)		Dato base	2019T2	213.006
Datos ajustados de estacionalidad y calendario	VABpb Servicios (G-T, CNAE 2009)		Dato base	2019T1	212.527
Datos ajustados de estacionalidad y calendario	VABpb Servicios (G-T, CNAE 2009)		Dato base	2018T4	209.900
Datos ajustados de estacionalidad y calendario	VABpb Servicios (G-T, CNAE 2009)		Dato base	2018T3	207.417
Datos ajustados de estacionalidad y calendario	VABpb Servicios (G-T, CNAE 2009)		Dato base	2018T2	205.402
Datos ajustados de estacionalidad y calendario	VABpb Servicios (G-T, CNAE 2009)		Dato base	2018T1	203.093
Datos ajustados de estacionalidad y calendario	VABpb Servicios (G-T, CNAE 2009)		Dato base	2017T4	201.548
Datos ajustados de estacionalidad y calendario	VABpb Servicios (G-T, CNAE 2009)		Dato base	2017T3	199.691
Datos ajustados de estacionalidad y calendario	VABpb Servicios (G-T, CNAE 2009)		Dato base	2017T2	198.857
Datos ajustados de estacionalidad y calendario	VABpb Servicios (G-T, CNAE 2009)		Dato base	2017T1	195.335
Datos ajustados de estacionalidad y calendario	VABpb Servicios (G-T, CNAE 2009)		Dato base	2016T4	193.346
Datos ajustados de estacionalidad y calendario	VABpb Servicios (G-T, CNAE 2009)		Dato base	2016T3	192.412
Datos ajustados de estacionalidad y calendario	VABpb Servicios (G-T, CNAE 2009)		Dato base	2016T2	190.400
Datos ajustados de estacionalidad y calendario	VABpb Servicios (G-T, CNAE 2009)		Dato base	2016T1	189.351
Datos ajustados de estacionalidad y calendario	VABpb Servicios (G-T, CNAE 2009)		Dato base	2015T4	187.584
Datos ajustados de estacionalidad y calendario	VABpb Servicios (G-T, CNAE 2009)		Dato base	2015T3	186.370
Datos ajustados de estacionalidad y calendario	VABpb Servicios (G-T, CNAE 2009)		Dato base	2015T2	184.410
Datos ajustados de estacionalidad y calendario	VABpb Servicios (G-T, CNAE 2009)		Dato base	2015T1	183.381
Datos ajustados de estacionalidad y calendario	VABpb Servicios (G-T, CNAE 2009)	VABpb Servicios. Comercio, transporte y hostelería (G-I, CNAE 2009)	Dato base	2025T3	95.132
Datos ajustados de estacionalidad y calendario	VABpb Servicios (G-T, CNAE 2009)	VABpb Servicios. Comercio, transporte y hostelería (G-I, CNAE 2009)	Dato base	2025T2	93.831
Datos ajustados de estacionalidad y calendario	VABpb Servicios (G-T, CNAE 2009)	VABpb Servicios. Comercio, transporte y hostelería (G-I, CNAE 2009)	Dato base	2025T1	91.324
Datos ajustados de estacionalidad y calendario	VABpb Servicios (G-T, CNAE 2009)	VABpb Servicios. Comercio, transporte y hostelería (G-I, CNAE 2009)	Dato base	2024T4	87.929
Datos ajustados de estacionalidad y calendario	VABpb Servicios (G-T, CNAE 2009)	VABpb Servicios. Comercio, transporte y hostelería (G-I, CNAE 2009)	Dato base	2024T3	87.131
Datos ajustados de estacionalidad y calendario	VABpb Servicios (G-T, CNAE 2009)	VABpb Servicios. Comercio, transporte y hostelería (G-I, CNAE 2009)	Dato base	2024T2	88.266
Datos ajustados de estacionalidad y calendario	VABpb Servicios (G-T, CNAE 2009)	VABpb Servicios. Comercio, transporte y hostelería (G-I, CNAE 2009)	Dato base	2024T1	86.252
Datos ajustados de estacionalidad y calendario	VABpb Servicios (G-T, CNAE 2009)	VABpb Servicios. Comercio, transporte y hostelería (G-I, CNAE 2009)	Dato base	2023T4	82.924
Datos ajustados de estacionalidad y calendario	VABpb Servicios (G-T, CNAE 2009)	VABpb Servicios. Comercio, transporte y hostelería (G-I, CNAE 2009)	Dato base	2023T3	79.214
Datos ajustados de estacionalidad y calendario	VABpb Servicios (G-T, CNAE 2009)	VABpb Servicios. Comercio, transporte y hostelería (G-I, CNAE 2009)	Dato base	2023T2	80.803
Datos ajustados de estacionalidad y calendario	VABpb Servicios (G-T, CNAE 2009)	VABpb Servicios. Comercio, transporte y hostelería (G-I, CNAE 2009)	Dato base	2023T1	81.303
Datos ajustados de estacionalidad y calendario	VABpb Servicios (G-T, CNAE 2009)	VABpb Servicios. Comercio, transporte y hostelería (G-I, CNAE 2009)	Dato base	2022T4	78.356
Datos ajustados de estacionalidad y calendario	VABpb Servicios (G-T, CNAE 2009)	VABpb Servicios. Comercio, transporte y hostelería (G-I, CNAE 2009)	Dato base	2022T3	71.787
Datos ajustados de estacionalidad y calendario	VABpb Servicios (G-T, CNAE 2009)	VABpb Servicios. Comercio, transporte y hostelería (G-I, CNAE 2009)	Dato base	2022T2	73.646
Datos ajustados de estacionalidad y calendario	VABpb Servicios (G-T, CNAE 2009)	VABpb Servicios. Comercio, transporte y hostelería (G-I, CNAE 2009)	Dato base	2022T1	69.581
Datos ajustados de estacionalidad y calendario	VABpb Servicios (G-T, CNAE 2009)	VABpb Servicios. Comercio, transporte y hostelería (G-I, CNAE 2009)	Dato base	2021T4	68.050
Datos ajustados de estacionalidad y calendario	VABpb Servicios (G-T, CNAE 2009)	VABpb Servicios. Comercio, transporte y hostelería (G-I, CNAE 2009)	Dato base	2021T3	62.109
Datos ajustados de estacionalidad y calendario	VABpb Servicios (G-T, CNAE 2009)	VABpb Servicios. Comercio, transporte y hostelería (G-I, CNAE 2009)	Dato base	2021T2	60.500
Datos ajustados de estacionalidad y calendario	VABpb Servicios (G-T, CNAE 2009)	VABpb Servicios. Comercio, transporte y hostelería (G-I, CNAE 2009)	Dato base	2021T1	57.749
Datos ajustados de estacionalidad y calendario	VABpb Servicios (G-T, CNAE 2009)	VABpb Servicios. Comercio, transporte y hostelería (G-I, CNAE 2009)	Dato base	2020T4	54.526
Datos ajustados de estacionalidad y calendario	VABpb Servicios (G-T, CNAE 2009)	VABpb Servicios. Comercio, transporte y hostelería (G-I, CNAE 2009)	Dato base	2020T3	52.839
Datos ajustados de estacionalidad y calendario	VABpb Servicios (G-T, CNAE 2009)	VABpb Servicios. Comercio, transporte y hostelería (G-I, CNAE 2009)	Dato base	2020T2	40.360
Datos ajustados de estacionalidad y calendario	VABpb Servicios (G-T, CNAE 2009)	VABpb Servicios. Comercio, transporte y hostelería (G-I, CNAE 2009)	Dato base	2020T1	62.626
Datos ajustados de estacionalidad y calendario	VABpb Servicios (G-T, CNAE 2009)	VABpb Servicios. Comercio, transporte y hostelería (G-I, CNAE 2009)	Dato base	2019T4	70.472
Datos ajustados de estacionalidad y calendario	VABpb Servicios (G-T, CNAE 2009)	VABpb Servicios. Comercio, transporte y hostelería (G-I, CNAE 2009)	Dato base	2019T3	67.583
Datos ajustados de estacionalidad y calendario	VABpb Servicios (G-T, CNAE 2009)	VABpb Servicios. Comercio, transporte y hostelería (G-I, CNAE 2009)	Dato base	2019T2	68.314
Datos ajustados de estacionalidad y calendario	VABpb Servicios (G-T, CNAE 2009)	VABpb Servicios. Comercio, transporte y hostelería (G-I, CNAE 2009)	Dato base	2019T1	67.947
Datos ajustados de estacionalidad y calendario	VABpb Servicios (G-T, CNAE 2009)	VABpb Servicios. Comercio, transporte y hostelería (G-I, CNAE 2009)	Dato base	2018T4	66.977
Datos ajustados de estacionalidad y calendario	VABpb Servicios (G-T, CNAE 2009)	VABpb Servicios. Comercio, transporte y hostelería (G-I, CNAE 2009)	Dato base	2018T3	66.916
Datos ajustados de estacionalidad y calendario	VABpb Servicios (G-T, CNAE 2009)	VABpb Servicios. Comercio, transporte y hostelería (G-I, CNAE 2009)	Dato base	2018T2	66.488
Datos ajustados de estacionalidad y calendario	VABpb Servicios (G-T, CNAE 2009)	VABpb Servicios. Comercio, transporte y hostelería (G-I, CNAE 2009)	Dato base	2018T1	65.836
Datos ajustados de estacionalidad y calendario	VABpb Servicios (G-T, CNAE 2009)	VABpb Servicios. Comercio, transporte y hostelería (G-I, CNAE 2009)	Dato base	2017T4	65.394
Datos ajustados de estacionalidad y calendario	VABpb Servicios (G-T, CNAE 2009)	VABpb Servicios. Comercio, transporte y hostelería (G-I, CNAE 2009)	Dato base	2017T3	64.527
Datos ajustados de estacionalidad y calendario	VABpb Servicios (G-T, CNAE 2009)	VABpb Servicios. Comercio, transporte y hostelería (G-I, CNAE 2009)	Dato base	2017T2	64.339
Datos ajustados de estacionalidad y calendario	VABpb Servicios (G-T, CNAE 2009)	VABpb Servicios. Comercio, transporte y hostelería (G-I, CNAE 2009)	Dato base	2017T1	63.223
Datos ajustados de estacionalidad y calendario	VABpb Servicios (G-T, CNAE 2009)	VABpb Servicios. Comercio, transporte y hostelería (G-I, CNAE 2009)	Dato base	2016T4	62.498
Datos ajustados de estacionalidad y calendario	VABpb Servicios (G-T, CNAE 2009)	VABpb Servicios. Comercio, transporte y hostelería (G-I, CNAE 2009)	Dato base	2016T3	62.103
Datos ajustados de estacionalidad y calendario	VABpb Servicios (G-T, CNAE 2009)	VABpb Servicios. Comercio, transporte y hostelería (G-I, CNAE 2009)	Dato base	2016T2	61.049
Datos ajustados de estacionalidad y calendario	VABpb Servicios (G-T, CNAE 2009)	VABpb Servicios. Comercio, transporte y hostelería (G-I, CNAE 2009)	Dato base	2016T1	60.628
Datos ajustados de estacionalidad y calendario	VABpb Servicios (G-T, CNAE 2009)	VABpb Servicios. Comercio, transporte y hostelería (G-I, CNAE 2009)	Dato base	2015T4	59.819
Datos ajustados de estacionalidad y calendario	VABpb Servicios (G-T, CNAE 2009)	VABpb Servicios. Comercio, transporte y hostelería (G-I, CNAE 2009)	Dato base	2015T3	59.291
Datos ajustados de estacionalidad y calendario	VABpb Servicios (G-T, CNAE 2009)	VABpb Servicios. Comercio, transporte y hostelería (G-I, CNAE 2009)	Dato base	2015T2	58.377
Datos ajustados de estacionalidad y calendario	VABpb Servicios (G-T, CNAE 2009)	VABpb Servicios. Comercio, transporte y hostelería (G-I, CNAE 2009)	Dato base	2015T1	58.232
Datos ajustados de estacionalidad y calendario	VABpb Servicios (G-T, CNAE 2009)	VABpb Servicios. Información y comunicaciones (J, CNAE 2009)	Dato base	2025T3	15.770
Datos ajustados de estacionalidad y calendario	VABpb Servicios (G-T, CNAE 2009)	VABpb Servicios. Información y comunicaciones (J, CNAE 2009)	Dato base	2025T2	15.280
Datos ajustados de estacionalidad y calendario	VABpb Servicios (G-T, CNAE 2009)	VABpb Servicios. Información y comunicaciones (J, CNAE 2009)	Dato base	2025T1	14.806
Datos ajustados de estacionalidad y calendario	VABpb Servicios (G-T, CNAE 2009)	VABpb Servicios. Información y comunicaciones (J, CNAE 2009)	Dato base	2024T4	15.024
Datos ajustados de estacionalidad y calendario	VABpb Servicios (G-T, CNAE 2009)	VABpb Servicios. Información y comunicaciones (J, CNAE 2009)	Dato base	2024T3	14.895
Datos ajustados de estacionalidad y calendario	VABpb Servicios (G-T, CNAE 2009)	VABpb Servicios. Información y comunicaciones (J, CNAE 2009)	Dato base	2024T2	14.680
Datos ajustados de estacionalidad y calendario	VABpb Servicios (G-T, CNAE 2009)	VABpb Servicios. Información y comunicaciones (J, CNAE 2009)	Dato base	2024T1	14.231
Datos ajustados de estacionalidad y calendario	VABpb Servicios (G-T, CNAE 2009)	VABpb Servicios. Información y comunicaciones (J, CNAE 2009)	Dato base	2023T4	14.510
Datos ajustados de estacionalidad y calendario	VABpb Servicios (G-T, CNAE 2009)	VABpb Servicios. Información y comunicaciones (J, CNAE 2009)	Dato base	2023T3	14.142
Datos ajustados de estacionalidad y calendario	VABpb Servicios (G-T, CNAE 2009)	VABpb Servicios. Información y comunicaciones (J, CNAE 2009)	Dato base	2023T2	13.966
Datos ajustados de estacionalidad y calendario	VABpb Servicios (G-T, CNAE 2009)	VABpb Servicios. Información y comunicaciones (J, CNAE 2009)	Dato base	2023T1	13.227
Datos ajustados de estacionalidad y calendario	VABpb Servicios (G-T, CNAE 2009)	VABpb Servicios. Información y comunicaciones (J, CNAE 2009)	Dato base	2022T4	13.228
Datos ajustados de estacionalidad y calendario	VABpb Servicios (G-T, CNAE 2009)	VABpb Servicios. Información y comunicaciones (J, CNAE 2009)	Dato base	2022T3	12.601
Datos ajustados de estacionalidad y calendario	VABpb Servicios (G-T, CNAE 2009)	VABpb Servicios. Información y comunicaciones (J, CNAE 2009)	Dato base	2022T2	12.170
Datos ajustados de estacionalidad y calendario	VABpb Servicios (G-T, CNAE 2009)	VABpb Servicios. Información y comunicaciones (J, CNAE 2009)	Dato base	2022T1	11.633
Datos ajustados de estacionalidad y calendario	VABpb Servicios (G-T, CNAE 2009)	VABpb Servicios. Información y comunicaciones (J, CNAE 2009)	Dato base	2021T4	11.202
Datos ajustados de estacionalidad y calendario	VABpb Servicios (G-T, CNAE 2009)	VABpb Servicios. Información y comunicaciones (J, CNAE 2009)	Dato base	2021T3	10.853
Datos ajustados de estacionalidad y calendario	VABpb Servicios (G-T, CNAE 2009)	VABpb Servicios. Información y comunicaciones (J, CNAE 2009)	Dato base	2021T2	11.042
Datos ajustados de estacionalidad y calendario	VABpb Servicios (G-T, CNAE 2009)	VABpb Servicios. Información y comunicaciones (J, CNAE 2009)	Dato base	2021T1	10.461
Datos ajustados de estacionalidad y calendario	VABpb Servicios (G-T, CNAE 2009)	VABpb Servicios. Información y comunicaciones (J, CNAE 2009)	Dato base	2020T4	10.245
Datos ajustados de estacionalidad y calendario	VABpb Servicios (G-T, CNAE 2009)	VABpb Servicios. Información y comunicaciones (J, CNAE 2009)	Dato base	2020T3	10.037
Datos ajustados de estacionalidad y calendario	VABpb Servicios (G-T, CNAE 2009)	VABpb Servicios. Información y comunicaciones (J, CNAE 2009)	Dato base	2020T2	9.736
Datos ajustados de estacionalidad y calendario	VABpb Servicios (G-T, CNAE 2009)	VABpb Servicios. Información y comunicaciones (J, CNAE 2009)	Dato base	2020T1	10.469
Datos ajustados de estacionalidad y calendario	VABpb Servicios (G-T, CNAE 2009)	VABpb Servicios. Información y comunicaciones (J, CNAE 2009)	Dato base	2019T4	10.955
Datos ajustados de estacionalidad y calendario	VABpb Servicios (G-T, CNAE 2009)	VABpb Servicios. Información y comunicaciones (J, CNAE 2009)	Dato base	2019T3	10.677
Datos ajustados de estacionalidad y calendario	VABpb Servicios (G-T, CNAE 2009)	VABpb Servicios. Información y comunicaciones (J, CNAE 2009)	Dato base	2019T2	10.549
Datos ajustados de estacionalidad y calendario	VABpb Servicios (G-T, CNAE 2009)	VABpb Servicios. Información y comunicaciones (J, CNAE 2009)	Dato base	2019T1	10.494
Datos ajustados de estacionalidad y calendario	VABpb Servicios (G-T, CNAE 2009)	VABpb Servicios. Información y comunicaciones (J, CNAE 2009)	Dato base	2018T4	10.181
Datos ajustados de estacionalidad y calendario	VABpb Servicios (G-T, CNAE 2009)	VABpb Servicios. Información y comunicaciones (J, CNAE 2009)	Dato base	2018T3	10.174
Datos ajustados de estacionalidad y calendario	VABpb Servicios (G-T, CNAE 2009)	VABpb Servicios. Información y comunicaciones (J, CNAE 2009)	Dato base	2018T2	10.181
Datos ajustados de estacionalidad y calendario	VABpb Servicios (G-T, CNAE 2009)	VABpb Servicios. Información y comunicaciones (J, CNAE 2009)	Dato base	2018T1	10.112
Datos ajustados de estacionalidad y calendario	VABpb Servicios (G-T, CNAE 2009)	VABpb Servicios. Información y comunicaciones (J, CNAE 2009)	Dato base	2017T4	10.228
Datos ajustados de estacionalidad y calendario	VABpb Servicios (G-T, CNAE 2009)	VABpb Servicios. Información y comunicaciones (J, CNAE 2009)	Dato base	2017T3	10.099
Datos ajustados de estacionalidad y calendario	VABpb Servicios (G-T, CNAE 2009)	VABpb Servicios. Información y comunicaciones (J, CNAE 2009)	Dato base	2017T2	9.881
Datos ajustados de estacionalidad y calendario	VABpb Servicios (G-T, CNAE 2009)	VABpb Servicios. Información y comunicaciones (J, CNAE 2009)	Dato base	2017T1	9.677
Datos ajustados de estacionalidad y calendario	VABpb Servicios (G-T, CNAE 2009)	VABpb Servicios. Información y comunicaciones (J, CNAE 2009)	Dato base	2016T4	9.459
Datos ajustados de estacionalidad y calendario	VABpb Servicios (G-T, CNAE 2009)	VABpb Servicios. Información y comunicaciones (J, CNAE 2009)	Dato base	2016T3	9.456
Datos ajustados de estacionalidad y calendario	VABpb Servicios (G-T, CNAE 2009)	VABpb Servicios. Información y comunicaciones (J, CNAE 2009)	Dato base	2016T2	9.367
Datos ajustados de estacionalidad y calendario	VABpb Servicios (G-T, CNAE 2009)	VABpb Servicios. Información y comunicaciones (J, CNAE 2009)	Dato base	2016T1	9.342
Datos ajustados de estacionalidad y calendario	VABpb Servicios (G-T, CNAE 2009)	VABpb Servicios. Información y comunicaciones (J, CNAE 2009)	Dato base	2015T4	9.285
Datos ajustados de estacionalidad y calendario	VABpb Servicios (G-T, CNAE 2009)	VABpb Servicios. Información y comunicaciones (J, CNAE 2009)	Dato base	2015T3	9.247
Datos ajustados de estacionalidad y calendario	VABpb Servicios (G-T, CNAE 2009)	VABpb Servicios. Información y comunicaciones (J, CNAE 2009)	Dato base	2015T2	9.149
Datos ajustados de estacionalidad y calendario	VABpb Servicios (G-T, CNAE 2009)	VABpb Servicios. Información y comunicaciones (J, CNAE 2009)	Dato base	2015T1	9.113
Datos ajustados de estacionalidad y calendario	VABpb Servicios (G-T, CNAE 2009)	VABpb Servicios. Actividades financieras y de seguros (K, CNAE 2009)	Dato base	2025T3	19.244
Datos ajustados de estacionalidad y calendario	VABpb Servicios (G-T, CNAE 2009)	VABpb Servicios. Actividades financieras y de seguros (K, CNAE 2009)	Dato base	2025T2	19.594
Datos ajustados de estacionalidad y calendario	VABpb Servicios (G-T, CNAE 2009)	VABpb Servicios. Actividades financieras y de seguros (K, CNAE 2009)	Dato base	2025T1	19.516
Datos ajustados de estacionalidad y calendario	VABpb Servicios (G-T, CNAE 2009)	VABpb Servicios. Actividades financieras y de seguros (K, CNAE 2009)	Dato base	2024T4	19.539
Datos ajustados de estacionalidad y calendario	VABpb Servicios (G-T, CNAE 2009)	VABpb Servicios. Actividades financieras y de seguros (K, CNAE 2009)	Dato base	2024T3	20.805
Datos ajustados de estacionalidad y calendario	VABpb Servicios (G-T, CNAE 2009)	VABpb Servicios. Actividades financieras y de seguros (K, CNAE 2009)	Dato base	2024T2	19.907
Datos ajustados de estacionalidad y calendario	VABpb Servicios (G-T, CNAE 2009)	VABpb Servicios. Actividades financieras y de seguros (K, CNAE 2009)	Dato base	2024T1	20.472
Datos ajustados de estacionalidad y calendario	VABpb Servicios (G-T, CNAE 2009)	VABpb Servicios. Actividades financieras y de seguros (K, CNAE 2009)	Dato base	2023T4	20.034
Datos ajustados de estacionalidad y calendario	VABpb Servicios (G-T, CNAE 2009)	VABpb Servicios. Actividades financieras y de seguros (K, CNAE 2009)	Dato base	2023T3	20.219
Datos ajustados de estacionalidad y calendario	VABpb Servicios (G-T, CNAE 2009)	VABpb Servicios. Actividades financieras y de seguros (K, CNAE 2009)	Dato base	2023T2	17.501
Datos ajustados de estacionalidad y calendario	VABpb Servicios (G-T, CNAE 2009)	VABpb Servicios. Actividades financieras y de seguros (K, CNAE 2009)	Dato base	2023T1	15.976
Datos ajustados de estacionalidad y calendario	VABpb Servicios (G-T, CNAE 2009)	VABpb Servicios. Actividades financieras y de seguros (K, CNAE 2009)	Dato base	2022T4	14.630
Datos ajustados de estacionalidad y calendario	VABpb Servicios (G-T, CNAE 2009)	VABpb Servicios. Actividades financieras y de seguros (K, CNAE 2009)	Dato base	2022T3	13.064
Datos ajustados de estacionalidad y calendario	VABpb Servicios (G-T, CNAE 2009)	VABpb Servicios. Actividades financieras y de seguros (K, CNAE 2009)	Dato base	2022T2	12.746
Datos ajustados de estacionalidad y calendario	VABpb Servicios (G-T, CNAE 2009)	VABpb Servicios. Actividades financieras y de seguros (K, CNAE 2009)	Dato base	2022T1	12.508
Datos ajustados de estacionalidad y calendario	VABpb Servicios (G-T, CNAE 2009)	VABpb Servicios. Actividades financieras y de seguros (K, CNAE 2009)	Dato base	2021T4	12.380
Datos ajustados de estacionalidad y calendario	VABpb Servicios (G-T, CNAE 2009)	VABpb Servicios. Actividades financieras y de seguros (K, CNAE 2009)	Dato base	2021T3	11.793
Datos ajustados de estacionalidad y calendario	VABpb Servicios (G-T, CNAE 2009)	VABpb Servicios. Actividades financieras y de seguros (K, CNAE 2009)	Dato base	2021T2	10.916
Datos ajustados de estacionalidad y calendario	VABpb Servicios (G-T, CNAE 2009)	VABpb Servicios. Actividades financieras y de seguros (K, CNAE 2009)	Dato base	2021T1	11.416
Datos ajustados de estacionalidad y calendario	VABpb Servicios (G-T, CNAE 2009)	VABpb Servicios. Actividades financieras y de seguros (K, CNAE 2009)	Dato base	2020T4	10.896
Datos ajustados de estacionalidad y calendario	VABpb Servicios (G-T, CNAE 2009)	VABpb Servicios. Actividades financieras y de seguros (K, CNAE 2009)	Dato base	2020T3	11.565
Datos ajustados de estacionalidad y calendario	VABpb Servicios (G-T, CNAE 2009)	VABpb Servicios. Actividades financieras y de seguros (K, CNAE 2009)	Dato base	2020T2	10.639
Datos ajustados de estacionalidad y calendario	VABpb Servicios (G-T, CNAE 2009)	VABpb Servicios. Actividades financieras y de seguros (K, CNAE 2009)	Dato base	2020T1	12.865
Datos ajustados de estacionalidad y calendario	VABpb Servicios (G-T, CNAE 2009)	VABpb Servicios. Actividades financieras y de seguros (K, CNAE 2009)	Dato base	2019T4	10.449
Datos ajustados de estacionalidad y calendario	VABpb Servicios (G-T, CNAE 2009)	VABpb Servicios. Actividades financieras y de seguros (K, CNAE 2009)	Dato base	2019T3	10.934
Datos ajustados de estacionalidad y calendario	VABpb Servicios (G-T, CNAE 2009)	VABpb Servicios. Actividades financieras y de seguros (K, CNAE 2009)	Dato base	2019T2	10.915
Datos ajustados de estacionalidad y calendario	VABpb Servicios (G-T, CNAE 2009)	VABpb Servicios. Actividades financieras y de seguros (K, CNAE 2009)	Dato base	2019T1	11.553
Datos ajustados de estacionalidad y calendario	VABpb Servicios (G-T, CNAE 2009)	VABpb Servicios. Actividades financieras y de seguros (K, CNAE 2009)	Dato base	2018T4	12.680
Datos ajustados de estacionalidad y calendario	VABpb Servicios (G-T, CNAE 2009)	VABpb Servicios. Actividades financieras y de seguros (K, CNAE 2009)	Dato base	2018T3	10.841
Datos ajustados de estacionalidad y calendario	VABpb Servicios (G-T, CNAE 2009)	VABpb Servicios. Actividades financieras y de seguros (K, CNAE 2009)	Dato base	2018T2	10.856
Datos ajustados de estacionalidad y calendario	VABpb Servicios (G-T, CNAE 2009)	VABpb Servicios. Actividades financieras y de seguros (K, CNAE 2009)	Dato base	2018T1	10.162
Datos ajustados de estacionalidad y calendario	VABpb Servicios (G-T, CNAE 2009)	VABpb Servicios. Actividades financieras y de seguros (K, CNAE 2009)	Dato base	2017T4	9.793
Datos ajustados de estacionalidad y calendario	VABpb Servicios (G-T, CNAE 2009)	VABpb Servicios. Actividades financieras y de seguros (K, CNAE 2009)	Dato base	2017T3	10.785
Datos ajustados de estacionalidad y calendario	VABpb Servicios (G-T, CNAE 2009)	VABpb Servicios. Actividades financieras y de seguros (K, CNAE 2009)	Dato base	2017T2	10.520
Datos ajustados de estacionalidad y calendario	VABpb Servicios (G-T, CNAE 2009)	VABpb Servicios. Actividades financieras y de seguros (K, CNAE 2009)	Dato base	2017T1	9.453
Datos ajustados de estacionalidad y calendario	VABpb Servicios (G-T, CNAE 2009)	VABpb Servicios. Actividades financieras y de seguros (K, CNAE 2009)	Dato base	2016T4	10.349
Datos ajustados de estacionalidad y calendario	VABpb Servicios (G-T, CNAE 2009)	VABpb Servicios. Actividades financieras y de seguros (K, CNAE 2009)	Dato base	2016T3	9.640
Datos ajustados de estacionalidad y calendario	VABpb Servicios (G-T, CNAE 2009)	VABpb Servicios. Actividades financieras y de seguros (K, CNAE 2009)	Dato base	2016T2	9.650
Datos ajustados de estacionalidad y calendario	VABpb Servicios (G-T, CNAE 2009)	VABpb Servicios. Actividades financieras y de seguros (K, CNAE 2009)	Dato base	2016T1	9.397
Datos ajustados de estacionalidad y calendario	VABpb Servicios (G-T, CNAE 2009)	VABpb Servicios. Actividades financieras y de seguros (K, CNAE 2009)	Dato base	2015T4	9.573
Datos ajustados de estacionalidad y calendario	VABpb Servicios (G-T, CNAE 2009)	VABpb Servicios. Actividades financieras y de seguros (K, CNAE 2009)	Dato base	2015T3	9.515
Datos ajustados de estacionalidad y calendario	VABpb Servicios (G-T, CNAE 2009)	VABpb Servicios. Actividades financieras y de seguros (K, CNAE 2009)	Dato base	2015T2	9.470
Datos ajustados de estacionalidad y calendario	VABpb Servicios (G-T, CNAE 2009)	VABpb Servicios. Actividades financieras y de seguros (K, CNAE 2009)	Dato base	2015T1	8.580
Datos ajustados de estacionalidad y calendario	VABpb Servicios (G-T, CNAE 2009)	VABpb Servicios. Actividades inmobiliarias (L, CNAE 2009)	Dato base	2025T3	43.178
Datos ajustados de estacionalidad y calendario	VABpb Servicios (G-T, CNAE 2009)	VABpb Servicios. Actividades inmobiliarias (L, CNAE 2009)	Dato base	2025T2	43.095
Datos ajustados de estacionalidad y calendario	VABpb Servicios (G-T, CNAE 2009)	VABpb Servicios. Actividades inmobiliarias (L, CNAE 2009)	Dato base	2025T1	42.367
Datos ajustados de estacionalidad y calendario	VABpb Servicios (G-T, CNAE 2009)	VABpb Servicios. Actividades inmobiliarias (L, CNAE 2009)	Dato base	2024T4	42.826
Datos ajustados de estacionalidad y calendario	VABpb Servicios (G-T, CNAE 2009)	VABpb Servicios. Actividades inmobiliarias (L, CNAE 2009)	Dato base	2024T3	41.334
Datos ajustados de estacionalidad y calendario	VABpb Servicios (G-T, CNAE 2009)	VABpb Servicios. Actividades inmobiliarias (L, CNAE 2009)	Dato base	2024T2	41.489
Datos ajustados de estacionalidad y calendario	VABpb Servicios (G-T, CNAE 2009)	VABpb Servicios. Actividades inmobiliarias (L, CNAE 2009)	Dato base	2024T1	41.568
Datos ajustados de estacionalidad y calendario	VABpb Servicios (G-T, CNAE 2009)	VABpb Servicios. Actividades inmobiliarias (L, CNAE 2009)	Dato base	2023T4	41.421
Datos ajustados de estacionalidad y calendario	VABpb Servicios (G-T, CNAE 2009)	VABpb Servicios. Actividades inmobiliarias (L, CNAE 2009)	Dato base	2023T3	39.257
Datos ajustados de estacionalidad y calendario	VABpb Servicios (G-T, CNAE 2009)	VABpb Servicios. Actividades inmobiliarias (L, CNAE 2009)	Dato base	2023T2	39.716
Datos ajustados de estacionalidad y calendario	VABpb Servicios (G-T, CNAE 2009)	VABpb Servicios. Actividades inmobiliarias (L, CNAE 2009)	Dato base	2023T1	39.389
Datos ajustados de estacionalidad y calendario	VABpb Servicios (G-T, CNAE 2009)	VABpb Servicios. Actividades inmobiliarias (L, CNAE 2009)	Dato base	2022T4	38.009
Datos ajustados de estacionalidad y calendario	VABpb Servicios (G-T, CNAE 2009)	VABpb Servicios. Actividades inmobiliarias (L, CNAE 2009)	Dato base	2022T3	36.647
Datos ajustados de estacionalidad y calendario	VABpb Servicios (G-T, CNAE 2009)	VABpb Servicios. Actividades inmobiliarias (L, CNAE 2009)	Dato base	2022T2	35.786
Datos ajustados de estacionalidad y calendario	VABpb Servicios (G-T, CNAE 2009)	VABpb Servicios. Actividades inmobiliarias (L, CNAE 2009)	Dato base	2022T1	35.738
Datos ajustados de estacionalidad y calendario	VABpb Servicios (G-T, CNAE 2009)	VABpb Servicios. Actividades inmobiliarias (L, CNAE 2009)	Dato base	2021T4	35.328
Datos ajustados de estacionalidad y calendario	VABpb Servicios (G-T, CNAE 2009)	VABpb Servicios. Actividades inmobiliarias (L, CNAE 2009)	Dato base	2021T3	34.524
Datos ajustados de estacionalidad y calendario	VABpb Servicios (G-T, CNAE 2009)	VABpb Servicios. Actividades inmobiliarias (L, CNAE 2009)	Dato base	2021T2	33.981
Datos ajustados de estacionalidad y calendario	VABpb Servicios (G-T, CNAE 2009)	VABpb Servicios. Actividades inmobiliarias (L, CNAE 2009)	Dato base	2021T1	34.212
Datos ajustados de estacionalidad y calendario	VABpb Servicios (G-T, CNAE 2009)	VABpb Servicios. Actividades inmobiliarias (L, CNAE 2009)	Dato base	2020T4	34.874
Datos ajustados de estacionalidad y calendario	VABpb Servicios (G-T, CNAE 2009)	VABpb Servicios. Actividades inmobiliarias (L, CNAE 2009)	Dato base	2020T3	34.316
Datos ajustados de estacionalidad y calendario	VABpb Servicios (G-T, CNAE 2009)	VABpb Servicios. Actividades inmobiliarias (L, CNAE 2009)	Dato base	2020T2	31.898
Datos ajustados de estacionalidad y calendario	VABpb Servicios (G-T, CNAE 2009)	VABpb Servicios. Actividades inmobiliarias (L, CNAE 2009)	Dato base	2020T1	33.718
Datos ajustados de estacionalidad y calendario	VABpb Servicios (G-T, CNAE 2009)	VABpb Servicios. Actividades inmobiliarias (L, CNAE 2009)	Dato base	2019T4	34.065
Datos ajustados de estacionalidad y calendario	VABpb Servicios (G-T, CNAE 2009)	VABpb Servicios. Actividades inmobiliarias (L, CNAE 2009)	Dato base	2019T3	33.563
Datos ajustados de estacionalidad y calendario	VABpb Servicios (G-T, CNAE 2009)	VABpb Servicios. Actividades inmobiliarias (L, CNAE 2009)	Dato base	2019T2	33.162
Datos ajustados de estacionalidad y calendario	VABpb Servicios (G-T, CNAE 2009)	VABpb Servicios. Actividades inmobiliarias (L, CNAE 2009)	Dato base	2019T1	33.146
Datos ajustados de estacionalidad y calendario	VABpb Servicios (G-T, CNAE 2009)	VABpb Servicios. Actividades inmobiliarias (L, CNAE 2009)	Dato base	2018T4	32.776
Datos ajustados de estacionalidad y calendario	VABpb Servicios (G-T, CNAE 2009)	VABpb Servicios. Actividades inmobiliarias (L, CNAE 2009)	Dato base	2018T3	32.602
Datos ajustados de estacionalidad y calendario	VABpb Servicios (G-T, CNAE 2009)	VABpb Servicios. Actividades inmobiliarias (L, CNAE 2009)	Dato base	2018T2	32.289
Datos ajustados de estacionalidad y calendario	VABpb Servicios (G-T, CNAE 2009)	VABpb Servicios. Actividades inmobiliarias (L, CNAE 2009)	Dato base	2018T1	32.072
Datos ajustados de estacionalidad y calendario	VABpb Servicios (G-T, CNAE 2009)	VABpb Servicios. Actividades inmobiliarias (L, CNAE 2009)	Dato base	2017T4	31.625
Datos ajustados de estacionalidad y calendario	VABpb Servicios (G-T, CNAE 2009)	VABpb Servicios. Actividades inmobiliarias (L, CNAE 2009)	Dato base	2017T3	31.197
Datos ajustados de estacionalidad y calendario	VABpb Servicios (G-T, CNAE 2009)	VABpb Servicios. Actividades inmobiliarias (L, CNAE 2009)	Dato base	2017T2	31.028
Datos ajustados de estacionalidad y calendario	VABpb Servicios (G-T, CNAE 2009)	VABpb Servicios. Actividades inmobiliarias (L, CNAE 2009)	Dato base	2017T1	30.885
Datos ajustados de estacionalidad y calendario	VABpb Servicios (G-T, CNAE 2009)	VABpb Servicios. Actividades inmobiliarias (L, CNAE 2009)	Dato base	2016T4	30.486
Datos ajustados de estacionalidad y calendario	VABpb Servicios (G-T, CNAE 2009)	VABpb Servicios. Actividades inmobiliarias (L, CNAE 2009)	Dato base	2016T3	30.674
Datos ajustados de estacionalidad y calendario	VABpb Servicios (G-T, CNAE 2009)	VABpb Servicios. Actividades inmobiliarias (L, CNAE 2009)	Dato base	2016T2	30.399
Datos ajustados de estacionalidad y calendario	VABpb Servicios (G-T, CNAE 2009)	VABpb Servicios. Actividades inmobiliarias (L, CNAE 2009)	Dato base	2016T1	30.315
Datos ajustados de estacionalidad y calendario	VABpb Servicios (G-T, CNAE 2009)	VABpb Servicios. Actividades inmobiliarias (L, CNAE 2009)	Dato base	2015T4	29.862
Datos ajustados de estacionalidad y calendario	VABpb Servicios (G-T, CNAE 2009)	VABpb Servicios. Actividades inmobiliarias (L, CNAE 2009)	Dato base	2015T3	29.823
Datos ajustados de estacionalidad y calendario	VABpb Servicios (G-T, CNAE 2009)	VABpb Servicios. Actividades inmobiliarias (L, CNAE 2009)	Dato base	2015T2	29.870
Datos ajustados de estacionalidad y calendario	VABpb Servicios (G-T, CNAE 2009)	VABpb Servicios. Actividades inmobiliarias (L, CNAE 2009)	Dato base	2015T1	30.194
Datos ajustados de estacionalidad y calendario	VABpb Servicios (G-T, CNAE 2009)	VABpb Servicios. Actividades profesionales, científicas y técnicas y otras (M-N, CNAE 2009)	Dato base	2025T3	35.727
Datos ajustados de estacionalidad y calendario	VABpb Servicios (G-T, CNAE 2009)	VABpb Servicios. Actividades profesionales, científicas y técnicas y otras (M-N, CNAE 2009)	Dato base	2025T2	34.772
Datos ajustados de estacionalidad y calendario	VABpb Servicios (G-T, CNAE 2009)	VABpb Servicios. Actividades profesionales, científicas y técnicas y otras (M-N, CNAE 2009)	Dato base	2025T1	34.106
Datos ajustados de estacionalidad y calendario	VABpb Servicios (G-T, CNAE 2009)	VABpb Servicios. Actividades profesionales, científicas y técnicas y otras (M-N, CNAE 2009)	Dato base	2024T4	34.492
Datos ajustados de estacionalidad y calendario	VABpb Servicios (G-T, CNAE 2009)	VABpb Servicios. Actividades profesionales, científicas y técnicas y otras (M-N, CNAE 2009)	Dato base	2024T3	33.454
Datos ajustados de estacionalidad y calendario	VABpb Servicios (G-T, CNAE 2009)	VABpb Servicios. Actividades profesionales, científicas y técnicas y otras (M-N, CNAE 2009)	Dato base	2024T2	32.403
Datos ajustados de estacionalidad y calendario	VABpb Servicios (G-T, CNAE 2009)	VABpb Servicios. Actividades profesionales, científicas y técnicas y otras (M-N, CNAE 2009)	Dato base	2024T1	31.354
Datos ajustados de estacionalidad y calendario	VABpb Servicios (G-T, CNAE 2009)	VABpb Servicios. Actividades profesionales, científicas y técnicas y otras (M-N, CNAE 2009)	Dato base	2023T4	33.279
Datos ajustados de estacionalidad y calendario	VABpb Servicios (G-T, CNAE 2009)	VABpb Servicios. Actividades profesionales, científicas y técnicas y otras (M-N, CNAE 2009)	Dato base	2023T3	31.600
Datos ajustados de estacionalidad y calendario	VABpb Servicios (G-T, CNAE 2009)	VABpb Servicios. Actividades profesionales, científicas y técnicas y otras (M-N, CNAE 2009)	Dato base	2023T2	29.955
Datos ajustados de estacionalidad y calendario	VABpb Servicios (G-T, CNAE 2009)	VABpb Servicios. Actividades profesionales, científicas y técnicas y otras (M-N, CNAE 2009)	Dato base	2023T1	30.085
Datos ajustados de estacionalidad y calendario	VABpb Servicios (G-T, CNAE 2009)	VABpb Servicios. Actividades profesionales, científicas y técnicas y otras (M-N, CNAE 2009)	Dato base	2022T4	31.262
Datos ajustados de estacionalidad y calendario	VABpb Servicios (G-T, CNAE 2009)	VABpb Servicios. Actividades profesionales, científicas y técnicas y otras (M-N, CNAE 2009)	Dato base	2022T3	29.038
Datos ajustados de estacionalidad y calendario	VABpb Servicios (G-T, CNAE 2009)	VABpb Servicios. Actividades profesionales, científicas y técnicas y otras (M-N, CNAE 2009)	Dato base	2022T2	27.345
Datos ajustados de estacionalidad y calendario	VABpb Servicios (G-T, CNAE 2009)	VABpb Servicios. Actividades profesionales, científicas y técnicas y otras (M-N, CNAE 2009)	Dato base	2022T1	27.049
Datos ajustados de estacionalidad y calendario	VABpb Servicios (G-T, CNAE 2009)	VABpb Servicios. Actividades profesionales, científicas y técnicas y otras (M-N, CNAE 2009)	Dato base	2021T4	26.788
Datos ajustados de estacionalidad y calendario	VABpb Servicios (G-T, CNAE 2009)	VABpb Servicios. Actividades profesionales, científicas y técnicas y otras (M-N, CNAE 2009)	Dato base	2021T3	25.376
Datos ajustados de estacionalidad y calendario	VABpb Servicios (G-T, CNAE 2009)	VABpb Servicios. Actividades profesionales, científicas y técnicas y otras (M-N, CNAE 2009)	Dato base	2021T2	24.587
Datos ajustados de estacionalidad y calendario	VABpb Servicios (G-T, CNAE 2009)	VABpb Servicios. Actividades profesionales, científicas y técnicas y otras (M-N, CNAE 2009)	Dato base	2021T1	25.072
Datos ajustados de estacionalidad y calendario	VABpb Servicios (G-T, CNAE 2009)	VABpb Servicios. Actividades profesionales, científicas y técnicas y otras (M-N, CNAE 2009)	Dato base	2020T4	24.624
Datos ajustados de estacionalidad y calendario	VABpb Servicios (G-T, CNAE 2009)	VABpb Servicios. Actividades profesionales, científicas y técnicas y otras (M-N, CNAE 2009)	Dato base	2020T3	23.001
Datos ajustados de estacionalidad y calendario	VABpb Servicios (G-T, CNAE 2009)	VABpb Servicios. Actividades profesionales, científicas y técnicas y otras (M-N, CNAE 2009)	Dato base	2020T2	19.472
Datos ajustados de estacionalidad y calendario	VABpb Servicios (G-T, CNAE 2009)	VABpb Servicios. Actividades profesionales, científicas y técnicas y otras (M-N, CNAE 2009)	Dato base	2020T1	25.416
Datos ajustados de estacionalidad y calendario	VABpb Servicios (G-T, CNAE 2009)	VABpb Servicios. Actividades profesionales, científicas y técnicas y otras (M-N, CNAE 2009)	Dato base	2019T4	26.263
Datos ajustados de estacionalidad y calendario	VABpb Servicios (G-T, CNAE 2009)	VABpb Servicios. Actividades profesionales, científicas y técnicas y otras (M-N, CNAE 2009)	Dato base	2019T3	25.978
Datos ajustados de estacionalidad y calendario	VABpb Servicios (G-T, CNAE 2009)	VABpb Servicios. Actividades profesionales, científicas y técnicas y otras (M-N, CNAE 2009)	Dato base	2019T2	25.796
Datos ajustados de estacionalidad y calendario	VABpb Servicios (G-T, CNAE 2009)	VABpb Servicios. Actividades profesionales, científicas y técnicas y otras (M-N, CNAE 2009)	Dato base	2019T1	25.625
Datos ajustados de estacionalidad y calendario	VABpb Servicios (G-T, CNAE 2009)	VABpb Servicios. Actividades profesionales, científicas y técnicas y otras (M-N, CNAE 2009)	Dato base	2018T4	24.689
Datos ajustados de estacionalidad y calendario	VABpb Servicios (G-T, CNAE 2009)	VABpb Servicios. Actividades profesionales, científicas y técnicas y otras (M-N, CNAE 2009)	Dato base	2018T3	24.403
Datos ajustados de estacionalidad y calendario	VABpb Servicios (G-T, CNAE 2009)	VABpb Servicios. Actividades profesionales, científicas y técnicas y otras (M-N, CNAE 2009)	Dato base	2018T2	24.009
Datos ajustados de estacionalidad y calendario	VABpb Servicios (G-T, CNAE 2009)	VABpb Servicios. Actividades profesionales, científicas y técnicas y otras (M-N, CNAE 2009)	Dato base	2018T1	23.542
Datos ajustados de estacionalidad y calendario	VABpb Servicios (G-T, CNAE 2009)	VABpb Servicios. Actividades profesionales, científicas y técnicas y otras (M-N, CNAE 2009)	Dato base	2017T4	23.354
Datos ajustados de estacionalidad y calendario	VABpb Servicios (G-T, CNAE 2009)	VABpb Servicios. Actividades profesionales, científicas y técnicas y otras (M-N, CNAE 2009)	Dato base	2017T3	22.933
Datos ajustados de estacionalidad y calendario	VABpb Servicios (G-T, CNAE 2009)	VABpb Servicios. Actividades profesionales, científicas y técnicas y otras (M-N, CNAE 2009)	Dato base	2017T2	22.793
Datos ajustados de estacionalidad y calendario	VABpb Servicios (G-T, CNAE 2009)	VABpb Servicios. Actividades profesionales, científicas y técnicas y otras (M-N, CNAE 2009)	Dato base	2017T1	22.506
Datos ajustados de estacionalidad y calendario	VABpb Servicios (G-T, CNAE 2009)	VABpb Servicios. Actividades profesionales, científicas y técnicas y otras (M-N, CNAE 2009)	Dato base	2016T4	22.036
Datos ajustados de estacionalidad y calendario	VABpb Servicios (G-T, CNAE 2009)	VABpb Servicios. Actividades profesionales, científicas y técnicas y otras (M-N, CNAE 2009)	Dato base	2016T3	21.854
Datos ajustados de estacionalidad y calendario	VABpb Servicios (G-T, CNAE 2009)	VABpb Servicios. Actividades profesionales, científicas y técnicas y otras (M-N, CNAE 2009)	Dato base	2016T2	21.628
Datos ajustados de estacionalidad y calendario	VABpb Servicios (G-T, CNAE 2009)	VABpb Servicios. Actividades profesionales, científicas y técnicas y otras (M-N, CNAE 2009)	Dato base	2016T1	21.570
Datos ajustados de estacionalidad y calendario	VABpb Servicios (G-T, CNAE 2009)	VABpb Servicios. Actividades profesionales, científicas y técnicas y otras (M-N, CNAE 2009)	Dato base	2015T4	21.453
Datos ajustados de estacionalidad y calendario	VABpb Servicios (G-T, CNAE 2009)	VABpb Servicios. Actividades profesionales, científicas y técnicas y otras (M-N, CNAE 2009)	Dato base	2015T3	21.313
Datos ajustados de estacionalidad y calendario	VABpb Servicios (G-T, CNAE 2009)	VABpb Servicios. Actividades profesionales, científicas y técnicas y otras (M-N, CNAE 2009)	Dato base	2015T2	20.939
Datos ajustados de estacionalidad y calendario	VABpb Servicios (G-T, CNAE 2009)	VABpb Servicios. Actividades profesionales, científicas y técnicas y otras (M-N, CNAE 2009)	Dato base	2015T1	20.582
Datos ajustados de estacionalidad y calendario	VABpb Servicios (G-T, CNAE 2009)	VABpb Servicios. Administración pública, educación y sanidad (O-Q, CNAE 2009)	Dato base	2025T3	65.565
Datos ajustados de estacionalidad y calendario	VABpb Servicios (G-T, CNAE 2009)	VABpb Servicios. Administración pública, educación y sanidad (O-Q, CNAE 2009)	Dato base	2025T2	64.851
Datos ajustados de estacionalidad y calendario	VABpb Servicios (G-T, CNAE 2009)	VABpb Servicios. Administración pública, educación y sanidad (O-Q, CNAE 2009)	Dato base	2025T1	64.778
Datos ajustados de estacionalidad y calendario	VABpb Servicios (G-T, CNAE 2009)	VABpb Servicios. Administración pública, educación y sanidad (O-Q, CNAE 2009)	Dato base	2024T4	64.999
Datos ajustados de estacionalidad y calendario	VABpb Servicios (G-T, CNAE 2009)	VABpb Servicios. Administración pública, educación y sanidad (O-Q, CNAE 2009)	Dato base	2024T3	63.812
Datos ajustados de estacionalidad y calendario	VABpb Servicios (G-T, CNAE 2009)	VABpb Servicios. Administración pública, educación y sanidad (O-Q, CNAE 2009)	Dato base	2024T2	61.191
Datos ajustados de estacionalidad y calendario	VABpb Servicios (G-T, CNAE 2009)	VABpb Servicios. Administración pública, educación y sanidad (O-Q, CNAE 2009)	Dato base	2024T1	61.422
Datos ajustados de estacionalidad y calendario	VABpb Servicios (G-T, CNAE 2009)	VABpb Servicios. Administración pública, educación y sanidad (O-Q, CNAE 2009)	Dato base	2023T4	61.437
Datos ajustados de estacionalidad y calendario	VABpb Servicios (G-T, CNAE 2009)	VABpb Servicios. Administración pública, educación y sanidad (O-Q, CNAE 2009)	Dato base	2023T3	59.547
Datos ajustados de estacionalidad y calendario	VABpb Servicios (G-T, CNAE 2009)	VABpb Servicios. Administración pública, educación y sanidad (O-Q, CNAE 2009)	Dato base	2023T2	56.971
Datos ajustados de estacionalidad y calendario	VABpb Servicios (G-T, CNAE 2009)	VABpb Servicios. Administración pública, educación y sanidad (O-Q, CNAE 2009)	Dato base	2023T1	56.997
Datos ajustados de estacionalidad y calendario	VABpb Servicios (G-T, CNAE 2009)	VABpb Servicios. Administración pública, educación y sanidad (O-Q, CNAE 2009)	Dato base	2022T4	58.680
Datos ajustados de estacionalidad y calendario	VABpb Servicios (G-T, CNAE 2009)	VABpb Servicios. Administración pública, educación y sanidad (O-Q, CNAE 2009)	Dato base	2022T3	55.193
Datos ajustados de estacionalidad y calendario	VABpb Servicios (G-T, CNAE 2009)	VABpb Servicios. Administración pública, educación y sanidad (O-Q, CNAE 2009)	Dato base	2022T2	52.847
Datos ajustados de estacionalidad y calendario	VABpb Servicios (G-T, CNAE 2009)	VABpb Servicios. Administración pública, educación y sanidad (O-Q, CNAE 2009)	Dato base	2022T1	53.587
Datos ajustados de estacionalidad y calendario	VABpb Servicios (G-T, CNAE 2009)	VABpb Servicios. Administración pública, educación y sanidad (O-Q, CNAE 2009)	Dato base	2021T4	52.932
Datos ajustados de estacionalidad y calendario	VABpb Servicios (G-T, CNAE 2009)	VABpb Servicios. Administración pública, educación y sanidad (O-Q, CNAE 2009)	Dato base	2021T3	52.773
Datos ajustados de estacionalidad y calendario	VABpb Servicios (G-T, CNAE 2009)	VABpb Servicios. Administración pública, educación y sanidad (O-Q, CNAE 2009)	Dato base	2021T2	51.821
Datos ajustados de estacionalidad y calendario	VABpb Servicios (G-T, CNAE 2009)	VABpb Servicios. Administración pública, educación y sanidad (O-Q, CNAE 2009)	Dato base	2021T1	52.790
Datos ajustados de estacionalidad y calendario	VABpb Servicios (G-T, CNAE 2009)	VABpb Servicios. Administración pública, educación y sanidad (O-Q, CNAE 2009)	Dato base	2020T4	52.767
Datos ajustados de estacionalidad y calendario	VABpb Servicios (G-T, CNAE 2009)	VABpb Servicios. Administración pública, educación y sanidad (O-Q, CNAE 2009)	Dato base	2020T3	51.102
Datos ajustados de estacionalidad y calendario	VABpb Servicios (G-T, CNAE 2009)	VABpb Servicios. Administración pública, educación y sanidad (O-Q, CNAE 2009)	Dato base	2020T2	50.035
Datos ajustados de estacionalidad y calendario	VABpb Servicios (G-T, CNAE 2009)	VABpb Servicios. Administración pública, educación y sanidad (O-Q, CNAE 2009)	Dato base	2020T1	50.728
Datos ajustados de estacionalidad y calendario	VABpb Servicios (G-T, CNAE 2009)	VABpb Servicios. Administración pública, educación y sanidad (O-Q, CNAE 2009)	Dato base	2019T4	51.373
Datos ajustados de estacionalidad y calendario	VABpb Servicios (G-T, CNAE 2009)	VABpb Servicios. Administración pública, educación y sanidad (O-Q, CNAE 2009)	Dato base	2019T3	50.823
Datos ajustados de estacionalidad y calendario	VABpb Servicios (G-T, CNAE 2009)	VABpb Servicios. Administración pública, educación y sanidad (O-Q, CNAE 2009)	Dato base	2019T2	50.557
Datos ajustados de estacionalidad y calendario	VABpb Servicios (G-T, CNAE 2009)	VABpb Servicios. Administración pública, educación y sanidad (O-Q, CNAE 2009)	Dato base	2019T1	50.119
Datos ajustados de estacionalidad y calendario	VABpb Servicios (G-T, CNAE 2009)	VABpb Servicios. Administración pública, educación y sanidad (O-Q, CNAE 2009)	Dato base	2018T4	49.102
Datos ajustados de estacionalidad y calendario	VABpb Servicios (G-T, CNAE 2009)	VABpb Servicios. Administración pública, educación y sanidad (O-Q, CNAE 2009)	Dato base	2018T3	48.839
Datos ajustados de estacionalidad y calendario	VABpb Servicios (G-T, CNAE 2009)	VABpb Servicios. Administración pública, educación y sanidad (O-Q, CNAE 2009)	Dato base	2018T2	48.288
Datos ajustados de estacionalidad y calendario	VABpb Servicios (G-T, CNAE 2009)	VABpb Servicios. Administración pública, educación y sanidad (O-Q, CNAE 2009)	Dato base	2018T1	47.905
Datos ajustados de estacionalidad y calendario	VABpb Servicios (G-T, CNAE 2009)	VABpb Servicios. Administración pública, educación y sanidad (O-Q, CNAE 2009)	Dato base	2017T4	47.723
Datos ajustados de estacionalidad y calendario	VABpb Servicios (G-T, CNAE 2009)	VABpb Servicios. Administración pública, educación y sanidad (O-Q, CNAE 2009)	Dato base	2017T3	47.006
Datos ajustados de estacionalidad y calendario	VABpb Servicios (G-T, CNAE 2009)	VABpb Servicios. Administración pública, educación y sanidad (O-Q, CNAE 2009)	Dato base	2017T2	47.104
Datos ajustados de estacionalidad y calendario	VABpb Servicios (G-T, CNAE 2009)	VABpb Servicios. Administración pública, educación y sanidad (O-Q, CNAE 2009)	Dato base	2017T1	46.843
Datos ajustados de estacionalidad y calendario	VABpb Servicios (G-T, CNAE 2009)	VABpb Servicios. Administración pública, educación y sanidad (O-Q, CNAE 2009)	Dato base	2016T4	46.064
Datos ajustados de estacionalidad y calendario	VABpb Servicios (G-T, CNAE 2009)	VABpb Servicios. Administración pública, educación y sanidad (O-Q, CNAE 2009)	Dato base	2016T3	46.279
Datos ajustados de estacionalidad y calendario	VABpb Servicios (G-T, CNAE 2009)	VABpb Servicios. Administración pública, educación y sanidad (O-Q, CNAE 2009)	Dato base	2016T2	46.029
Datos ajustados de estacionalidad y calendario	VABpb Servicios (G-T, CNAE 2009)	VABpb Servicios. Administración pública, educación y sanidad (O-Q, CNAE 2009)	Dato base	2016T1	45.762
Datos ajustados de estacionalidad y calendario	VABpb Servicios (G-T, CNAE 2009)	VABpb Servicios. Administración pública, educación y sanidad (O-Q, CNAE 2009)	Dato base	2015T4	45.321
Datos ajustados de estacionalidad y calendario	VABpb Servicios (G-T, CNAE 2009)	VABpb Servicios. Administración pública, educación y sanidad (O-Q, CNAE 2009)	Dato base	2015T3	44.981
Datos ajustados de estacionalidad y calendario	VABpb Servicios (G-T, CNAE 2009)	VABpb Servicios. Administración pública, educación y sanidad (O-Q, CNAE 2009)	Dato base	2015T2	44.628
Datos ajustados de estacionalidad y calendario	VABpb Servicios (G-T, CNAE 2009)	VABpb Servicios. Administración pública, educación y sanidad (O-Q, CNAE 2009)	Dato base	2015T1	44.908
Datos ajustados de estacionalidad y calendario	VABpb Servicios (G-T, CNAE 2009)	VABpb Servicios. Actividades artísticas, recreativas y otros servicios (R-T, CNAE 2009)	Dato base	2025T3	15.739
Datos ajustados de estacionalidad y calendario	VABpb Servicios (G-T, CNAE 2009)	VABpb Servicios. Actividades artísticas, recreativas y otros servicios (R-T, CNAE 2009)	Dato base	2025T2	15.336
Datos ajustados de estacionalidad y calendario	VABpb Servicios (G-T, CNAE 2009)	VABpb Servicios. Actividades artísticas, recreativas y otros servicios (R-T, CNAE 2009)	Dato base	2025T1	15.241
Datos ajustados de estacionalidad y calendario	VABpb Servicios (G-T, CNAE 2009)	VABpb Servicios. Actividades artísticas, recreativas y otros servicios (R-T, CNAE 2009)	Dato base	2024T4	14.884
Datos ajustados de estacionalidad y calendario	VABpb Servicios (G-T, CNAE 2009)	VABpb Servicios. Actividades artísticas, recreativas y otros servicios (R-T, CNAE 2009)	Dato base	2024T3	14.870
Datos ajustados de estacionalidad y calendario	VABpb Servicios (G-T, CNAE 2009)	VABpb Servicios. Actividades artísticas, recreativas y otros servicios (R-T, CNAE 2009)	Dato base	2024T2	14.796
Datos ajustados de estacionalidad y calendario	VABpb Servicios (G-T, CNAE 2009)	VABpb Servicios. Actividades artísticas, recreativas y otros servicios (R-T, CNAE 2009)	Dato base	2024T1	14.509
Datos ajustados de estacionalidad y calendario	VABpb Servicios (G-T, CNAE 2009)	VABpb Servicios. Actividades artísticas, recreativas y otros servicios (R-T, CNAE 2009)	Dato base	2023T4	14.168
Datos ajustados de estacionalidad y calendario	VABpb Servicios (G-T, CNAE 2009)	VABpb Servicios. Actividades artísticas, recreativas y otros servicios (R-T, CNAE 2009)	Dato base	2023T3	14.179
Datos ajustados de estacionalidad y calendario	VABpb Servicios (G-T, CNAE 2009)	VABpb Servicios. Actividades artísticas, recreativas y otros servicios (R-T, CNAE 2009)	Dato base	2023T2	13.522
Datos ajustados de estacionalidad y calendario	VABpb Servicios (G-T, CNAE 2009)	VABpb Servicios. Actividades artísticas, recreativas y otros servicios (R-T, CNAE 2009)	Dato base	2023T1	13.458
Datos ajustados de estacionalidad y calendario	VABpb Servicios (G-T, CNAE 2009)	VABpb Servicios. Actividades artísticas, recreativas y otros servicios (R-T, CNAE 2009)	Dato base	2022T4	13.734
Datos ajustados de estacionalidad y calendario	VABpb Servicios (G-T, CNAE 2009)	VABpb Servicios. Actividades artísticas, recreativas y otros servicios (R-T, CNAE 2009)	Dato base	2022T3	13.817
Datos ajustados de estacionalidad y calendario	VABpb Servicios (G-T, CNAE 2009)	VABpb Servicios. Actividades artísticas, recreativas y otros servicios (R-T, CNAE 2009)	Dato base	2022T2	13.248
Datos ajustados de estacionalidad y calendario	VABpb Servicios (G-T, CNAE 2009)	VABpb Servicios. Actividades artísticas, recreativas y otros servicios (R-T, CNAE 2009)	Dato base	2022T1	12.176
Datos ajustados de estacionalidad y calendario	VABpb Servicios (G-T, CNAE 2009)	VABpb Servicios. Actividades artísticas, recreativas y otros servicios (R-T, CNAE 2009)	Dato base	2021T4	11.728
Datos ajustados de estacionalidad y calendario	VABpb Servicios (G-T, CNAE 2009)	VABpb Servicios. Actividades artísticas, recreativas y otros servicios (R-T, CNAE 2009)	Dato base	2021T3	11.712
Datos ajustados de estacionalidad y calendario	VABpb Servicios (G-T, CNAE 2009)	VABpb Servicios. Actividades artísticas, recreativas y otros servicios (R-T, CNAE 2009)	Dato base	2021T2	11.044
Datos ajustados de estacionalidad y calendario	VABpb Servicios (G-T, CNAE 2009)	VABpb Servicios. Actividades artísticas, recreativas y otros servicios (R-T, CNAE 2009)	Dato base	2021T1	10.249
Datos ajustados de estacionalidad y calendario	VABpb Servicios (G-T, CNAE 2009)	VABpb Servicios. Actividades artísticas, recreativas y otros servicios (R-T, CNAE 2009)	Dato base	2020T4	10.044
Datos ajustados de estacionalidad y calendario	VABpb Servicios (G-T, CNAE 2009)	VABpb Servicios. Actividades artísticas, recreativas y otros servicios (R-T, CNAE 2009)	Dato base	2020T3	11.099
Datos ajustados de estacionalidad y calendario	VABpb Servicios (G-T, CNAE 2009)	VABpb Servicios. Actividades artísticas, recreativas y otros servicios (R-T, CNAE 2009)	Dato base	2020T2	9.150
Datos ajustados de estacionalidad y calendario	VABpb Servicios (G-T, CNAE 2009)	VABpb Servicios. Actividades artísticas, recreativas y otros servicios (R-T, CNAE 2009)	Dato base	2020T1	13.281
Datos ajustados de estacionalidad y calendario	VABpb Servicios (G-T, CNAE 2009)	VABpb Servicios. Actividades artísticas, recreativas y otros servicios (R-T, CNAE 2009)	Dato base	2019T4	13.862
Datos ajustados de estacionalidad y calendario	VABpb Servicios (G-T, CNAE 2009)	VABpb Servicios. Actividades artísticas, recreativas y otros servicios (R-T, CNAE 2009)	Dato base	2019T3	13.382
Datos ajustados de estacionalidad y calendario	VABpb Servicios (G-T, CNAE 2009)	VABpb Servicios. Actividades artísticas, recreativas y otros servicios (R-T, CNAE 2009)	Dato base	2019T2	13.713
Datos ajustados de estacionalidad y calendario	VABpb Servicios (G-T, CNAE 2009)	VABpb Servicios. Actividades artísticas, recreativas y otros servicios (R-T, CNAE 2009)	Dato base	2019T1	13.643
Datos ajustados de estacionalidad y calendario	VABpb Servicios (G-T, CNAE 2009)	VABpb Servicios. Actividades artísticas, recreativas y otros servicios (R-T, CNAE 2009)	Dato base	2018T4	13.495
Datos ajustados de estacionalidad y calendario	VABpb Servicios (G-T, CNAE 2009)	VABpb Servicios. Actividades artísticas, recreativas y otros servicios (R-T, CNAE 2009)	Dato base	2018T3	13.642
Datos ajustados de estacionalidad y calendario	VABpb Servicios (G-T, CNAE 2009)	VABpb Servicios. Actividades artísticas, recreativas y otros servicios (R-T, CNAE 2009)	Dato base	2018T2	13.291
Datos ajustados de estacionalidad y calendario	VABpb Servicios (G-T, CNAE 2009)	VABpb Servicios. Actividades artísticas, recreativas y otros servicios (R-T, CNAE 2009)	Dato base	2018T1	13.464
Datos ajustados de estacionalidad y calendario	VABpb Servicios (G-T, CNAE 2009)	VABpb Servicios. Actividades artísticas, recreativas y otros servicios (R-T, CNAE 2009)	Dato base	2017T4	13.431
Datos ajustados de estacionalidad y calendario	VABpb Servicios (G-T, CNAE 2009)	VABpb Servicios. Actividades artísticas, recreativas y otros servicios (R-T, CNAE 2009)	Dato base	2017T3	13.144
Datos ajustados de estacionalidad y calendario	VABpb Servicios (G-T, CNAE 2009)	VABpb Servicios. Actividades artísticas, recreativas y otros servicios (R-T, CNAE 2009)	Dato base	2017T2	13.192
Datos ajustados de estacionalidad y calendario	VABpb Servicios (G-T, CNAE 2009)	VABpb Servicios. Actividades artísticas, recreativas y otros servicios (R-T, CNAE 2009)	Dato base	2017T1	12.748
Datos ajustados de estacionalidad y calendario	VABpb Servicios (G-T, CNAE 2009)	VABpb Servicios. Actividades artísticas, recreativas y otros servicios (R-T, CNAE 2009)	Dato base	2016T4	12.454
Datos ajustados de estacionalidad y calendario	VABpb Servicios (G-T, CNAE 2009)	VABpb Servicios. Actividades artísticas, recreativas y otros servicios (R-T, CNAE 2009)	Dato base	2016T3	12.406
Datos ajustados de estacionalidad y calendario	VABpb Servicios (G-T, CNAE 2009)	VABpb Servicios. Actividades artísticas, recreativas y otros servicios (R-T, CNAE 2009)	Dato base	2016T2	12.278
Datos ajustados de estacionalidad y calendario	VABpb Servicios (G-T, CNAE 2009)	VABpb Servicios. Actividades artísticas, recreativas y otros servicios (R-T, CNAE 2009)	Dato base	2016T1	12.337
Datos ajustados de estacionalidad y calendario	VABpb Servicios (G-T, CNAE 2009)	VABpb Servicios. Actividades artísticas, recreativas y otros servicios (R-T, CNAE 2009)	Dato base	2015T4	12.271
Datos ajustados de estacionalidad y calendario	VABpb Servicios (G-T, CNAE 2009)	VABpb Servicios. Actividades artísticas, recreativas y otros servicios (R-T, CNAE 2009)	Dato base	2015T3	12.200
Datos ajustados de estacionalidad y calendario	VABpb Servicios (G-T, CNAE 2009)	VABpb Servicios. Actividades artísticas, recreativas y otros servicios (R-T, CNAE 2009)	Dato base	2015T2	11.977
Datos ajustados de estacionalidad y calendario	VABpb Servicios (G-T, CNAE 2009)	VABpb Servicios. Actividades artísticas, recreativas y otros servicios (R-T, CNAE 2009)	Dato base	2015T1	11.772
